name,id,tier,rarity,base value,range,damage/second,damage/shot,emp,impact,turn rate,OPs,ammo,ammo/sec,reload size,type,energy/shot,energy/second,chargeup,chargedown,burst size,burst delay,min spread,max spread,spread/shot,spread decay/sec,beam speed,proj speed,launch speed,flight time,proj hitpoints,autofireAccBonus,extraArcForAI,hints,tags,groupTag,tech/manufacturer,for weapon tooltip>>,primaryRoleStr,speedStr,trackingStr,turnRateStr,accuracyStr,customPrimary,customPrimaryHL,customAncillary,customAncillaryHL,noDPSInTooltip,number
Gravity Driver,arul_gravd,3,0.3,3000,1000,,350,,1000,15,15,,,,KINETIC,425,,0.65,0.65,1,,,,,,,1200,,,225,,,,"kinetic16, LR, rare_bp, hegemony, merc, remnant, persean",,Arulite Starworks,,Anti Shield,,,,,,,,,,6.5
Phalanx PDC,arul_phalanx,2,,1400,500,,50,,1,60,11,,,,FRAGMENTATION,5,,0,0.031,1,,0,10,1,10,,900,,,30,,,"PD, IGNORES_FLARES","pd14, SR, arul_mar_bp, merc, hegemony, persean",,Arulite Starworks,,Point Defence,,,,,,,,,,1.5
Antimatter Cannon,arul_amc,3,0.5,5000,900,,2000,,10,20,30,60,,,ENERGY,1500,,0,7,3,0.33,,,,,,1000,,,100,,,"STRIKE, GROUP_ALTERNATING","energy20, LR, no_bp_drop, no_sell, no_dealer",,Arulite Starworks,,Strike,,,,,,,,,,19.8
Rhino Cannon,arul_rhino,3,,3500,1100,,300,,180,15,28,,,,KINETIC,450,,0,3,3,0.2,0,0,0,0,,900,,,200,,,,"kinetic18, LR, arul_mar_bp, merc, hegemony, persean",,Arulite Starworks,,General,,,,,Deals an additional %s high explosive damage on impact,150,,,TRUE,8.5
Markus Deck Gun,arul_markus,3,0.3,2000,1000,,200,,30,20,12,,,,HIGH_EXPLOSIVE,185,,0,1.8,1,0,0,0,0,0,,900,,,100,,,,"he15, LR, arul_mar_bp, merc, hegemony, persean",,Arulite Starworks,,Anti Armour,,,,,,,,,,4.8
Light Deck Gun,arul_ldg,2,0.5,1500,700,,100,,10,30,7,,,,HIGH_EXPLOSIVE,90,,0,0.6,1,0,0,0,0,0,,900,,,50,,,,"he8, LR, arul_mar_bp, merc, hegemony, persean",,Arulite Starworks,,Anti Armour,,,,,,,,,,3.8
,,,,,,,,,,,,,,,,,,,,,,,,,,,,,,,,,,,,,,,,,,,,,,,,
Swarmer SRM Pod,arul_swarmpod,2,,500,1000,,100,,15,50,9,256,,,HIGH_EXPLOSIVE,0,,0,7,16,0.15,0,0,0,0,,300,100,5,50,,,"ANTI_FTR, DO_NOT_AIM, DO_NOT_CONSERVE","missile8, merc, midline_bp",,,,Anti Small Craft,Fast,Excellent,,,,,,,,10.5
Winnower LRM,arul_winnower,3,0.5,5000,4000,,5000,,200,8,28,6,0.04,2,ENERGY,0,,0,20,2,1,,,,,,450,50,9,800,,,"STRIKE, DO_NOT_AIM","missile20, strike13, LR, no_bp_drop, no_sell, no_dealer",,Arulite Starworks,,Strike,Fast,Good,,,,,,,TRUE,9.7
Tremor MRM Launcher,arul_tremor,3,0.5,10000,2500,,750,,150,20,16,4,0.2,2,HIGH_EXPLOSIVE,500,,0,1.25,2,0.25,0,0,0,,,400,200,10,250,,,"STRIKE, DO_NOT_AIM, DO_NOT_CONSERVE","missile15, strike12, LR, no_bp_drop, no_sell, no_dealer",,Pirate,,Anti Shield,Fast,Excellent,,,,,,,,12.6
Plasma Torpedo MRM,arul_ptasm,2,,1500,2000,,1500,500,15,30,7,,,,ENERGY,0,,0,16,1,0.25,0,0,0,,,400,50,15,150,,,"STRIKE, DO_NOT_AIM, DO_NOT_CONSERVE","missile13, strike10, LR, no_bp_drop, no_sell, no_dealer",,Arulite Starworks,,Anti Ship Missile,Fast,Excellent,,,,,,,,12.7
Plasma Torpedo MRM (Bomber),arul_ptasm_bomber,2,,1500,2000,,1500,500,15,30,7,1,,,ENERGY,0,,0,0,1,0.25,0,0,0,,,400,50,15,150,,,SYSTEM,"missile13, strike10",,Arulite Starworks,,Anti Ship Missile,Fast,Excellent,,,,,,,,12.7
Plasma Torpedo MRM Pod,arul_ptasmpod,2,,2000,2000,,1500,500,15,20,14,,,,ENERGY,0,,0,16,2,0.25,0,0,0,,,400,50,15,150,,,"STRIKE, DO_NOT_AIM, DO_NOT_CONSERVE","missile13, strike10, LR, no_bp_drop, no_sell, no_dealer",,Arulite Starworks,,Anti Ship Missile,Fast,Excellent,,,,,,,,12.75
Plasma Torpedo MRM Rack,arul_ptasmrack,2,,2500,2000,,1500,500,15,15,21,,,,ENERGY,0,,0,16,3,0.25,0,0,0,,,400,50,15,150,,,"STRIKE, DO_NOT_AIM, DO_NOT_CONSERVE","missile13, strike10, LR, no_bp_drop, no_sell, no_dealer",,Arulite Starworks,,Anti Ship Missile,Fast,Excellent,,,,,,,,12.8
Canister Flak Launcher,arul_chaff,0,,200,300,,200,,10,45,2,6,0.15,3,HIGH_EXPLOSIVE,20,,0,3,3,0.5,50,50,0,0,,50,300,2,100,,,PD,"pd6, SR, lowtech_bp, merc",,,,Point Defense (Area),,,,,,,,,,12.85
Multi Launch Torpedo System,arul_mlts,1,,3500,1250,,1000,200,30,15,20,36,,,HIGH_EXPLOSIVE,0,,0,8,6,0.3,0,0,0,,,600,100,4,450,,,"STRIKE, DO_NOT_CONSERVE, USE_VS_FRIGATES","strike16, rocket14, LR, arul_mar_bp, merc, hegemony, persean, remnant, derelict",,Arulite Starworks,,Anti Armour,,,,,,,,,,12.9
Firefly MRM Pod,arul_firefly,1,,1500,2000,,800,,15,20,12,24,,,HIGH_EXPLOSIVE,0,,0,4,3,0.3,0,0,0,,,350,550,10,250,,,DO_NOT_AIM,"missile13, strike9, missile_bp, rare_bp",,Arulite Starworks,,Anti Armour,Medium,Good,,,Deals an additional %s fragmentation damage on impact,400,,,TRUE,12.95
Firefly MRM (Bomber),arul_firefly_bomber,1,,1500,2000,,800,,15,20,12,1,,,HIGH_EXPLOSIVE,0,,0,0,1,0.25,0,0,0,,,350,550,10,250,,,SYSTEM,"missile13, strike9",,Arulite Starworks,,Anti Armour,Medium,Good,,,Deals an additional %s fragmentation damage on impact,400,,,TRUE,12.95
,,,,,,,,,,,,,,,,,,,,,,,,,,,,,,,,,,,,,,,,,,,,,,,,
Stagg Mining Blaster,arul_stagg,0,,2000,500,,700,,0,7,18,20,0.5,1,ENERGY,1200,,0,0.2,1,,0,30,1,15,,1000,,,,,,,"energy12, rare_bp, pirates",,Pirate,,General,,,,,,,,,,22.125
Strategic Laser,arul_stratlaser,1,,1800,1000,300,,,0,15,12,,,,KINETIC,,300,0.1,0.1,,,,,,,2400,,,,,,,,"beam14, LR, hightech_bp, midline_bp, merc",,,,Anti Shield,,,,,,,,,,21.5
Pulse Cannon,arul_protonc,2,,3000,900,,300,150,10,15,28,,,,ENERGY,400,,0,0.5,1,0,0,0,0,0,,1000,,,,,,"STRIKE, USE_VS_FRIGATES","energy20, rare_bp, hist1t, merc, tritachyon, sindrian_diktat, remnant",,Arulite Starworks,,General,,,,,,,,,,21.6
Interceptor Array,arul_dualceptor,2,,1400,400,,150,,10,60,12,,,,ENERGY,50,,0,0.333333,1,,0,10,2,10,,700,,,30,,,PD,"pd15, SR, remnant, rare_bp, merc, tritachyon",,,,Point Defense (Area),,,,,,,,,,21.7
Blaidd Cannon,arul_blc,2,,3500,1000,1267,,,0,15,28,,,,HIGH_EXPLOSIVE,,1267,0,3,0.8,,,,,,4800,,,,,,,FIRE_WHEN_INEFFICIENT,"energy20, beam15, LR, arul_mar_bp, merc, tritachyon, sindrian_diktat, remnant",,Arulite Starworks,,Anti Armour,,,,,,,,,,8.6
,,,,,,,,,,,,,,,,,,,,,,,,,,,,,,,,,,,,,,,,,,,,,,,,
#Built-ins,,,,,,,,,,,,,,,,,,,,,,,,,,,,,,,,,,,,,,,,,,,,,,,,
EMP Emitter,arul_empe,3,,100000,500,,100,400,0,100,20,,,,ENERGY,50,,0,0.5,1,,,,,,,10000,,,,,25,"SYSTEM, PD","pd14, no_sell, no_bp_drop, no_drop, no_drop_salvage",,Pirate,,Point Defense,,,,Perfect,Fires an EMP arc at the nearest target close to the weapon's current facing. The arc always hits.,,,,,19.3
,,,,,,,,,,,,,,,,,,,,,,,,,,,,,,,,,,,,,,,,,,,,,,,,
Vestige Missile Conversion,arul_vestige_missile,3,,0,1500,,6000,600,200,0,0,1,,,FRAGMENTATION,0,,0,1,1,,0,0,0,0,,400,0,10,100000,,,"DIRECT_AIM, SYSTEM",restricted,,,,Missile,Fast,Medium,,,,,,,TRUE,41
,,,,,,,,,,,,,,,,,,,,,,,,,,,,,,,,,,,,,,,,,,,,,,,,
,,,,,,,,,,,,,,,,,,,,,,,,,,,,,,,,,,,,,,,,,,,,,,,,
,,,,,,,,,,,,,,,,,,,,,,,,,,,,,,,,,,,,,,,,,,,,,,,,
,,,,,,,,,,,,,,,,,,,,,,,,,,,,,,,,,,,,,,,,,,,,,,,,
,,,,,,,,,,,,,,,,,,,,,,,,,,,,,,,,,,,,,,,,,,,,,,,,
,,,,,,,,,,,,,,,,,,,,,,,,,,,,,,,,,,,,,,,,,,,,,,,,
,,,,,,,,,,,,,,,,,,,,,,,,,,,,,,,,,,,,,,,,,,,,,,,,
,,,,,,,,,,,,,,,,,,,,,,,,,,,,,,,,,,,,,,,,,,,,,,,,
,,,,,,,,,,,,,,,,,,,,,,,,,,,,,,,,,,,,,,,,,,,,,,,,
,,,,,,,,,,,,,,,,,,,,,,,,,,,,,,,,,,,,,,,,,,,,,,,,
,,,,,,,,,,,,,,,,,,,,,,,,,,,,,,,,,,,,,,,,,,,,,,,,
,,,,,,,,,,,,,,,,,,,,,,,,,,,,,,,,,,,,,,,,,,,,,,,,
,,,,,,,,,,,,,,,,,,,,,,,,,,,,,,,,,,,,,,,,,,,,,,,,
,,,,,,,,,,,,,,,,,,,,,,,,,,,,,,,,,,,,,,,,,,,,,,,,
,,,,,,,,,,,,,,,,,,,,,,,,,,,,,,,,,,,,,,,,,,,,,,,,
,,,,,,,,,,,,,,,,,,,,,,,,,,,,,,,,,,,,,,,,,,,,,,,,
,,,,,,,,,,,,,,,,,,,,,,,,,,,,,,,,,,,,,,,,,,,,,,,,
,,,,,,,,,,,,,,,,,,,,,,,,,,,,,,,,,,,,,,,,,,,,,,,,
,,,,,,,,,,,,,,,,,,,,,,,,,,,,,,,,,,,,,,,,,,,,,,,,
,,,,,,,,,,,,,,,,,,,,,,,,,,,,,,,,,,,,,,,,,,,,,,,,
,,,,,,,,,,,,,,,,,,,,,,,,,,,,,,,,,,,,,,,,,,,,,,,,
,,,,,,,,,,,,,,,,,,,,,,,,,,,,,,,,,,,,,,,,,,,,,,,,