id,type,text1,text2,text3,text4,notes
arul_hotchkiss,SHIP,"An attempt to miniaturise the Missile Autoforge of the Gryphon whilst trying to maintain the same firepower in a far smaller package, though this is at the trade off of durability.",,,,
arul_juno,SHIP,"An incredibly fast ship for its size the Juno is designed to run down and disable fleeing ships, though it does sacrifice hull and armour for this speed and its above average flux grid.",,,,
arul_heavy_ion,WEAPON,"An upscaled Ion Beam for use in the Juno Hunter Killer, unfortunately the weapon's size does not scale to its power output. Thus it cannot be fitted anywhere but a spinal mount limiting its usefulness.",,,,
arul_hrailgun,WEAPON,"Designed to spilt the difference between the common Gauss Cannon and Railgun. The Heavy Railgun presents as a powerful, if flux hungry weapon that is more than capable of strippign the shields of just about any ship it fires upon.  ",,,,
arul_halford,SHIP,"The first of a new line of ships Arulite Starworks have brought into the modern age based off of an old Earth naval vessel, the specifications of which were found in records recovered from a museum outside of the core worlds.",,,,
arul_halford_p,SHIP,"A poorly maintained and stripped down refit of the Halford, gaining speed at the cost of armour and replacing the small energy mount at its prow with an after market ballistic.",,,,
arul_phalanx,WEAPON,"Based off of an old earth maritime design the Phalanx C-RAM is functionally the big brother to the Vulcan, though it is usually opted out for its smaller compatriot for point defence purposes for more agressive loadout options.",,,,
arul_amc,WEAPON,"A highly experimental weapon that fires weaponised Antimatter fuel cells. The volatility of the ammunition does, however, make reloading a dangerous and time consuming affair reducing the weapons overall staying power and effectiveness. ",,,,
arul_oddyfarer,SHIP,"An odd sight indeed, the Oddyfarer is a strange vessel most often used as a high-end Combat Freighter. Originally known as the Nomad, the ships of this class have since been renamed Oddyfarers by their captains fro their resemblance to the venerable Wayfarer.

These vessels orginated from a recovered blueprint for the rare Oddyssey Battlecruiser, however, the blueprint was corrupted and quickly degrading. In a panic the lead engineer injected the first intact blueprint they had at hand, leading to the birth of the Oddyfarer as it is known today. ",,,,
arul_rhino,WEAPON,"The Rhino fires an advanced composite round, with a built in smart-charge capable of detonating in variable spreads to deal as much damage as possible to both shields & armour.",,,,
arul_stratlaser,WEAPON,"A mid ground between the Tac Laser and High Intensity Laser, the Strat Laser is tuned to a wavelength that works best at disrupting shields. ",,,,
arul_stagg,WEAPON,"A rickity pirate attempt to make a homemade Thermal Pulse Cannon using a bank of staggered capacitors, a gutted Hellbore chassis and a mining blaster 'liberated' from its previous owner. Flux grid stability after extended use of this weapon is not guaranteed.",,,,
arul_superb,SHIP,"A revolutionary design by pirate standards, straying from the idea of using guns as armour to using actual armour as armour. Boasting a flexible loadout and retaining a decent cargo capacity the only downside of the vessel is the frequency at which it's engines are disabled in combat. Theories abound as to what use the large universal hardpoint could be if not used for missiles, as most who have encountered or served aboard the vessel agree the mount is situated too far to the rear of the vessel to be of any practical broadsiding use for any but the highly skilled or utterly mad.

The original ship of this class was little more than a Buffalo mk.II with some half destroyed armour plates hap-hazardly welded to its hull from a destroyed station. That was until it's captain was struck by a wave of inspiration after getting drunk one fateful night after a successful raid, binging his favourite holo-series. In a matter of minutes the captain had drawn up plans using the stray debris and materials from the remains of the fleet around him to augment his vessel into its current design. The captain would go out in a blaze of glory, his ship along with him, running a blockade over Volturn. The wreck was recovered by the Diktat, but was stolen before anything could be done with it and soon more ships of the class started cropping up in pirate flotillas. Eventually becoming endemic to the Persean sector.",,,,
arul_blc,WEAPON,"Consisting of three interlinked hypervelocity macron accelerators, this weapon fires streams of charged projectiles only a micrometre in diameter containing a fissile core. Resulting in a weapon that can easily bore through the armour of anything unlucky enough to be downrange.",,,,
arul_garuda,SHIP,"Thought of by many Arulite engineers as the bastard child of the company. Whilst undeniably an effective warship and prized by many a captain, the boffins at Arulite finished the design purely out of spite for the vessels' Domain Commission. Even going so far as to forgo the characteristic Advanced PD AI employed on other capital grade warships produced by Arulite and leave minor, if noticeable defects in the final product.",,,,
,,,,,,
,,,,,,
,,,,,,
,,,,,,
,,,,,,
,,,,,,
,,,,,,
,,,,,,
,,,,,,
,,,,,,
,,,,,,
,,,,,,
,,,,,,
,,,,,,
,,,,,,
,,,,,,
,,,,,,
,,,,,,
,,,,,,
,,,,,,
,,,,,,
,,,,,,
,,,,,,
,,,,,,
,,,,,,
,,,,,,
,,,,,,
,,,,,,
,,,,,,
,,,,,,
,,,,,,
,,,,,,
,,,,,,
,,,,,,
,,,,,,
,,,,,,
,,,,,,
,,,,,,
,,,,,,
,,,,,,
,,,,,,
,,,,,,
,,,,,,
,,,,,,
,,,,,,
,,,,,,
,,,,,,
,,,,,,
,,,,,,
,,,,,,
,,,,,,
,,,,,,
,,,,,,
,,,,,,
,,,,,,
,,,,,,
,,,,,,
,,,,,,
,,,,,,
,,,,,,
,,,,,,
,,,,,,
,,,,,,
,,,,,,
,,,,,,
,,,,,,
,,,,,,
,,,,,,
,,,,,,
,,,,,,
,,,,,,
,,,,,,
,,,,,,
,,,,,,
,,,,,,
,,,,,,
,,,,,,
,,,,,,
,,,,,,
,,,,,,
,,,,,,
,,,,,,
,,,,,,
,,,,,,
,,,,,,
,,,,,,
,,,,,,
,,,,,,
,,,,,,
,,,,,,
,,,,,,
,,,,,,
,,,,,,
,,,,,,
,,,,,,
,,,,,,
,,,,,,
,,,,,,
,,,,,,
,,,,,,
,,,,,,
,,,,,,
,,,,,,
,,,,,,
,,,,,,
,,,,,,
,,,,,,
,,,,,,
,,,,,,
,,,,,,
,,,,,,
,,,,,,
,,,,,,
,,,,,,
,,,,,,
,,,,,,
,,,,,,
,,,,,,
,,,,,,
,,,,,,
,,,,,,
,,,,,,
,,,,,,
,,,,,,
,,,,,,
,,,,,,
,,,,,,
,,,,,,
,,,,,,
,,,,,,
,,,,,,
,,,,,,
,,,,,,
,,,,,,
,,,,,,
,,,,,,
,,,,,,
,,,,,,
,,,,,,
,,,,,,
,,,,,,
,,,,,,
,,,,,,
,,,,,,
,,,,,,
,,,,,,
,,,,,,
,,,,,,
,,,,,,
,,,,,,
,,,,,,
,,,,,,
,,,,,,
,,,,,,
,,,,,,
,,,,,,
,,,,,,
,,,,,,
,,,,,,
,,,,,,
,,,,,,
,,,,,,
,,,,,,
,,,,,,
,,,,,,
,,,,,,
,,,,,,
,,,,,,
,,,,,,
,,,,,,
,,,,,,
,,,,,,
,,,,,,
,,,,,,
,,,,,,
,,,,,,
,,,,,,
,,,,,,
,,,,,,
,,,,,,
,,,,,,
,,,,,,
,,,,,,
,,,,,,
,,,,,,
,,,,,,
,,,,,,
,,,,,,
,,,,,,
,,,,,,
,,,,,,
,,,,,,
,,,,,,
,,,,,,
,,,,,,
,,,,,,
,,,,,,
,,,,,,
,,,,,,
,,,,,,
,,,,,,
,,,,,,
,,,,,,
,,,,,,
,,,,,,
,,,,,,
,,,,,,
,,,,,,
,,,,,,
,,,,,,
,,,,,,
,,,,,,
,,,,,,
,,,,,,
,,,,,,
,,,,,,
,,,,,,
,,,,,,
,,,,,,
,,,,,,
,,,,,,
,,,,,,
,,,,,,
,,,,,,
,,,,,,
,,,,,,
,,,,,,
,,,,,,
,,,,,,
,,,,,,
,,,,,,
,,,,,,
,,,,,,
,,,,,,
,,,,,,
,,,,,,
,,,,,,
,,,,,,
,,,,,,
,,,,,,
,,,,,,
,,,,,,
,,,,,,
,,,,,,
,,,,,,
,,,,,,
,,,,,,
,,,,,,
,,,,,,
,,,,,,
,,,,,,
,,,,,,
,,,,,,
,,,,,,
,,,,,,
,,,,,,
,,,,,,
,,,,,,
,,,,,,
,,,,,,
,,,,,,
,,,,,,
,,,,,,
,,,,,,
,,,,,,
,,,,,,
,,,,,,
,,,,,,
,,,,,,
,,,,,,
,,,,,,
,,,,,,
,,,,,,
,,,,,,
,,,,,,
,,,,,,
,,,,,,
,,,,,,
,,,,,,
,,,,,,
,,,,,,
,,,,,,
,,,,,,
,,,,,,
,,,,,,
,,,,,,
,,,,,,
,,,,,,
,,,,,,
,,,,,,
,,,,,,
,,,,,,
,,,,,,
,,,,,,
,,,,,,
,,,,,,
,,,,,,
,,,,,,
,,,,,,
,,,,,,
,,,,,,
,,,,,,
,,,,,,
,,,,,,
,,,,,,
,,,,,,
,,,,,,
,,,,,,
,,,,,,
,,,,,,
,,,,,,
,,,,,,
,,,,,,
,,,,,,
,,,,,,
,,,,,,
,,,,,,
,,,,,,
,,,,,,
,,,,,,
,,,,,,
,,,,,,
,,,,,,
,,,,,,
,,,,,,
,,,,,,
,,,,,,
,,,,,,
,,,,,,
,,,,,,
,,,,,,
,,,,,,
,,,,,,
,,,,,,
,,,,,,
,,,,,,
,,,,,,
,,,,,,
,,,,,,
,,,,,,
,,,,,,
,,,,,,
,,,,,,
,,,,,,
,,,,,,
,,,,,,
,,,,,,
,,,,,,
,,,,,,
,,,,,,
,,,,,,
,,,,,,
,,,,,,
,,,,,,
,,,,,,
,,,,,,
,,,,,,
,,,,,,
,,,,,,
,,,,,,
,,,,,,
,,,,,,
,,,,,,
,,,,,,
,,,,,,
,,,,,,
,,,,,,
,,,,,,
,,,,,,
,,,,,,
,,,,,,
,,,,,,
,,,,,,
,,,,,,
,,,,,,
,,,,,,
,,,,,,
,,,,,,
,,,,,,
,,,,,,
,,,,,,
,,,,,,
,,,,,,
,,,,,,
,,,,,,
,,,,,,
,,,,,,
,,,,,,
,,,,,,
,,,,,,
,,,,,,
,,,,,,
,,,,,,
,,,,,,
,,,,,,
,,,,,,
,,,,,,
,,,,,,
,,,,,,
,,,,,,
,,,,,,
,,,,,,
,,,,,,
,,,,,,
,,,,,,
,,,,,,
,,,,,,
,,,,,,
,,,,,,
,,,,,,
,,,,,,
,,,,,,
,,,,,,
,,,,,,
,,,,,,
,,,,,,
,,,,,,
,,,,,,
,,,,,,
,,,,,,
,,,,,,
,,,,,,
,,,,,,
,,,,,,
,,,,,,
,,,,,,
,,,,,,
,,,,,,
,,,,,,
,,,,,,
,,,,,,
,,,,,,
,,,,,,
,,,,,,
,,,,,,
,,,,,,
,,,,,,
,,,,,,
,,,,,,
,,,,,,
,,,,,,
,,,,,,
,,,,,,
,,,,,,
,,,,,,
,,,,,,
,,,,,,
,,,,,,
,,,,,,
,,,,,,
,,,,,,
,,,,,,
,,,,,,
,,,,,,
,,,,,,
,,,,,,
,,,,,,
,,,,,,
,,,,,,
,,,,,,
,,,,,,
,,,,,,
,,,,,,
,,,,,,
,,,,,,
,,,,,,
,,,,,,
,,,,,,
,,,,,,
,,,,,,
,,,,,,
,,,,,,
,,,,,,
,,,,,,
,,,,,,
,,,,,,
,,,,,,
,,,,,,
,,,,,,
,,,,,,
,,,,,,
,,,,,,
,,,,,,
,,,,,,
,,,,,,
,,,,,,
,,,,,,
,,,,,,
,,,,,,
,,,,,,
,,,,,,
,,,,,,
,,,,,,
,,,,,,
,,,,,,
,,,,,,
,,,,,,
,,,,,,
,,,,,,
,,,,,,
,,,,,,
,,,,,,
,,,,,,
,,,,,,
,,,,,,
,,,,,,
,,,,,,
,,,,,,
,,,,,,
,,,,,,
,,,,,,
,,,,,,
,,,,,,
,,,,,,