id,type,text1,text2,text3,text4,notes
#Weapons,,,,,,
arul_gravd,WEAPON,"A mass accelerator not too dissimilar to a conventional railgun but lacking the need for ferromagnetic ammunition. This model of weapon has gained great favour within various pirate circles. If not for the practically of being able to fire anything they have at hand, then for the sheer glee most pirate crews exude when given the opportunity to fire any unwanted prisoners held onboard back at their would be saviours at relativistic speeds.",,,,
arul_gdpd,WEAPON,A downscaled Gravity Driver optimised for point defence utilising an advanced targeting array to avoid being tricked by countermeasures.,,,,
arul_phalanx,WEAPON,"Based off a pre-Domain design, the Phalanx C-RAM is functionally the big brother to the Vulcan. Though it is usually opted out for its smaller compatriot for point defence purposes for more agressive loadout options.",,,,
arul_amc,WEAPON,"A highly experimental weapon that fires weaponised Antimatter fuel cells. The volatility of the ammunition does, however, make reloading a dangerous and time consuming affair reducing the weapons overall staying power and effectiveness. ",,,,
arul_rhino,WEAPON,"The Rhino fires an advanced composite round, with a built in smart-charge capable of detonating in variable spreads to deal as much damage as possible to both shields & armour.",,,,
arul_markus,WEAPON,"A side grade to the Heavy Mauler, the Markus trades the stopping power of the Mauler's signature 3-round burst for sustained fire using an advanced autoloader.",,,,
arul_ldg,WEAPON,"Functionally a downscaled Markus, the Light Deck Gun sits in a niche similar to the Railgun.",,,,
arul_arbybatt,WEAPON,A budget battery consisting of 3 linked Arbalests for use by independant or pirate captains who are truly desperate and have nothing else to hand.,,,,
arul_ixel,WEAPON,"Developed by Arulite’s resident madmen Jaqatar Laboratories, this weapon system strays heavily from the typical missile based weaponry they are known for in the sector. The Ixel doesn't fire 'physical' munitions so much as it fires highly compressed magnetic fields, which whilst ineffective against shields and most armour shreds ship internals with ease. Theories are still being brought forward as to what exactly makes it a 'rifle' though.",,,,
arul_sflak,WEAPON,A small twin linked flak cannon originally designed to combat cheap missile and drone swarms that still makes use of old pre-Collapse targeting software that has been empirically beaten by a trained lobster.,,,,
,,,,,,
arul_swarmpod,WEAPON,"A short range guided missile launcher. The missiles are designed to intercept agile targets, and are primarily effective against small craft such as frigates and fighters.

Launches large bursts of small missiles. A simple infrared system provides effective tracking while chemical microthrusters provide exceptional manoeuvrability. Evolutionary targeting algorithms honed over centuries of real-world application allow the missiles to lead the target - they rarely miss and are very hard to avoid.",,,,
arul_winnower,WEAPON,A long range guided missile launcher. These missiles create a micro singularity not dissimilar to those fired by the Mjolnir on impact with their target.,,,,
arul_tremor,WEAPON,"A pirate conversion of captured Omega technology. The weapon looks to have been damaged either during the fight it was claimed in, or after, when the victorious party was playing with its spoils. 'Repairs' seem to have been made to the weapon in an attempt to fix the damage, with your engineers scratching their heads at how the poor mangled internals haven't yet exploded.",,,,
arul_chaff,WEAPON,A cheap canister flak launcher for those who can't even afford a Vulcan.,,,,
arul_mlts,WEAPON,"A dumbfire torpedo rack, designed as a siege weapon for use against stations and planetary fortifications.",,,,
arul_firefly,WEAPON,"The first project brought to life by Arulite's Jaqatar Laboratories to stand as a competitor to the Harpoon in common use across the Sector, this missile system is designed to crack a target's armour and deal as much physical damage to its internals as possible. Featuring a quick cycling reload and pneumatic assistance when firing for extra speed on launch to clear debris, flank enemies or close the gap on targets. ",,,,
,,,,,,
arul_stagg,WEAPON,"A rickity pirate attempt to make a homemade Thermal Pulse Cannon using a bank of staggered capacitors, a gutted Hellbore chassis and a mining blaster 'liberated' from its previous owner. *Flux grid stability after extended use of this weapon is not guaranteed.",,,,
arul_stratlaser,WEAPON,"A mid ground between the Tactical Laser and High Intensity Laser, the Strat Laser is tuned to a wavelength that works best at disrupting shields. ",,,,
arul_protonc,WEAPON,"A slapdash pulse cannon derivative operating on similar principles as the infamous TPC, this weapon system trades stopping power for sustained fire - often at the cost of burned out flux conduits.",,,,
arul_dualceptor,WEAPON,"Originally designed for use on stations for destroying stray asteroids, this weapon fires self contained plasma bolts that detonate at predetermined ranges once field containment degrades enough or when the projectile comes into contact with a large enough obstacle to breach said containment.",,,,
arul_blc,WEAPON,"Consisting of three interlinked hypervelocity macron accelerators, this weapon fires streams of charged projectiles only a micrometre in diameter containing a fissile core. Resulting in a weapon that can easily bore through the armour of anything unlucky enough to be downrange.",,,,
,,,,,,
#Ships,,,,,,
arul_drone_vestige,SHIP,Small fucker,,,,
,,,,,,
arul_kitelette,SHIP,"If you ever feel useless, just remember that the Shuttlepod has a description",,,,
arul_asmbomber,SHIP,,,,,
arul_ionfighter,SHIP,,,,,
arul_fighterceptor,SHIP,,,,,
arul_drone_he,SHIP,A small slow drone built around a gun designed to crack armour.,,,,
arul_drone_ke,SHIP,A small slow drone built around a gun designed to crack shields.,,,,
,,,,,,
arul_halford,SHIP,The first of a new ship line part way through development at the time of the Collapse by Essen Maritime Shipping. Fully capable of landing in liquid bodies and traversing them as the traditional naval vessels of Old Earth did before the diaspora.,,,,
arul_halford_p,SHIP,"A poorly maintained and stripped down refit of the Halford, gaining speed at the cost of armour and replacing the small energy mount at its prow with an after market ballistic.",,,,
arul_bobblin,SHIP,,,,,
arul_brawler_p,SHIP,,,,,
,,,,,,
arul_hotchkiss,SHIP,"An attempt to miniaturise the Missile Autoforge of the Gryphon whilst trying to maintain the same firepower in a far smaller package, though this is at the trade off of durability.",,,,
arul_sable,SHIP,,,,,
arul_oddyfarer,SHIP,"An odd sight indeed, the Oddyfarer is a strange vessel most often used as a high-end Combat Freighter. Originally known as the Nomad, the ships of this class have since been renamed Oddyfarers by their captains fro their resemblance to the venerable Wayfarer.

These vessels orginated from a recovered blueprint for the rare Oddyssey Battlecruiser, however, the blueprint was corrupted and quickly degrading. In a panic the lead engineer injected the first intact blueprint they had at hand, leading to the birth of the Oddyfarer as it is known today. ",,,,
arul_gatto,SHIP,"A dedicated mining ship by nature. The Gatto can increase the power of its main armament by syphoning power directly from its reactor to help cut through or blast apart any material too tough, be it natural or man-made.",,,,
arul_ohminator,SHIP,"“What the fuck did you do this time?” 
-  Lich to Oren, upon checking the repair progress of a salvaged Omen",,,,
arul_beltshark,SHIP,Designed to skulk in asteroid belts to attack unsuspecting prey with its impressive firepower before disappearing back into cover. The Beltshark was a design cooked up by Lich's pet mad engineer Oren to complement his Super Buffalo using an array of readily available parts that could be salvaged easily from most small fleets to hunt down faster ships.,,,,
arul_trout,SHIP,"Posthumously joked about as being a 'baby Champion', the Trout is anything but a joke. Designed as an artillery destroyer to supplement Oren's growing 'ship line' to help break the armour and shields of larger opponents as well as to fill in as cheap siege weapons against stations and planet-side installations.",,,,
,,,,,,
arul_superb,SHIP,"A revolutionary design by pirate standards, straying from the idea of using guns as armour to using actual armour as armour. Boasting a flexible loadout and retaining a decent cargo capacity the only downside of the vessel is the frequency at which it's engines are disabled in combat. Theories abound as to what use the large universal hardpoint could be if not used for missiles, as most who have encountered or served aboard the vessel agree the mount is situated too far to the rear of the vessel to be of any practical broadsiding use for any but the highly skilled or utterly mad.

The original ship of this class was little more than a Buffalo mk.II with some half destroyed armour plates hap-hazardly welded to its hull from a destroyed station. That was until Captain Oren was struck by a wave of inspiration after getting drunk one fateful night after a successful raid, binging his favourite holo-series. In a matter of minutes the Oren had drawn up plans using the stray debris and materials from the remains of the fleet around him to augment his vessel into its current design. The Oren would be presumed dead after going out in a blaze of glory, his ship along with him, running a blockade over Volturn. The wreck was eventually recovered from the depths of Volturn by the Diktat, but was stolen before any analysis could be done to it. Soon more ships of the class started cropping up in pirate flotillas, until eventually the vessel became endemic to the Persean Sector.",,,,
arul_lexicon,SHIP,"An absolute brick of a ship using engines almost as old as the Domain leading to an extremely poor thrust-to-weight ratio, thanks in no small part to the heavy armour and overcompensating weapons array. The original ship of this lineage was ordered by a visiting pirate lord who asked if Oren could make him his 'chad-wagon'. Oren, having nothing to do, accepted and produced a ship to the specifications he was given at the lowest cost to he could. Somehow the pirate lord was impressed by his half-hearted work, there really is no accounting for taste.",,,,
arul_sosig,SHIP,"'Finished' by Freehold 'engineers' after the design initiative started by the Essen Maritime Shipping corporation was left to rot after the bombardment of Essen, never to see production unlike the Halford. The Sosig, like its lesser counterpart, is fully capable of landing in liquid bodies and traversing them as the traditional naval vessels of Old Earth did before the diaspora. The vessel makes up for its lacking point defence options by incorporating an array of makeshift canister flak launchers.",,,,
arul_riven,SHIP,,,,,
arul_icon,SHIP,,,,,
arul_extremity,SHIP,"Designed pre-Collapse by Arulite using an external template for an Aurora sidegrade. The original project's leader had given the blueprint away for free with the only condition of use being his name not to be attached to any produced or subsequent models. The ship itself is a high performance vessel with the supply footprint to prove it, using an experimental phase skimmer that unfortunately did not get all the kinks ironed out before the Collapse. 

""Arulite neither confirms nor denies the possibility of spontaneous permanent dematerialisation during use of its proprietary phase skimmer technology.""
-  Small print hidden inside the primary phase field generator's casing",,,,
arul_jotunn,SHIP,,,,,
arul_attendant,SHIP,,,,,
arul_veridir,SHIP,Built by Arulite Starworks to get in on the new wave of Explorarium drones being produced by the Domain for the last round of expansion. Primarily designed to support fleets as a dedicated point defence platform to safeguard them from asteroid fields to missile barrages should the need arise. The Veridir's heavy frontal firepower also allows it to fill far more aggressive roles should such a task be called for.,,,,
arul_garrison,SHIP,,,,,
arul_brigador,SHIP,"Designed as a cheap utilitarian cruiser shortly after the Collapse by the team of Arulite boffins stranded in the sector from the Paroxia trials. The Brigador was designed to help supplement mercenary and trade fleets against the ever increasing threat of piracy. Using readily available Condor and Tarsus hulls at the core of its construction, creating a simple but versatile final product that almost any shipyard in the sector could build with enough duct tape and sheet metal laying around. This vessel solidified the niche Arulite would fill within the developing Sector as scrap masters, spurring on development of further designs and  Engineer Apprentice programs. ",,,,
arul_modius,SHIP,,,,,
,,,,,,
arul_paroxia,SHIP,"A design put forward by Arulite Starworks as part of a modernization initiative for the Onslaught by the Domain. The first production hulls were in the process of undergoing initial trials when the Collapse occurred, stranding the projects' R&D team in the Persean Sector.

The Paroxia-class battlecruiser was designed to bridge the gap between the lowtech and midline schools by providing a competitor to the Conquest and Onslaught. Featuring good manoeuvrability for its size and a comfortable amount of armour. The Paroxia's main claim to fame was the integration of Arulite's new Advanced Point Defence AI and its continued use of the TPC as an attempt to appeal to both the new and old guard of the Domain Navy.",,,,
arul_excoria,SHIP,"Designed post-Collapse by the Paroxia’s R&D team, the Excoria’s hull primarily consists of experimental or spare Paroxia parts making the examples of the ship rare and incredibly expensive to produce. Built to function as an intimidating deterrent for the defence of Arulite’s holdings, the original stands guard in orbit of Bruen to this day.",,,,
arul_veloria,SHIP,"Begrudgingly laid down by Arulite engineers as a concession to the shifting adoption and consumer demand for high tech vessels and armaments. Designed in partnership with Essen Maritime Shipping. These vessels were a precursor test-bed able to land in some liquid bodies, though the actual practical implementation of this feature was called into question.",,,,
arul_garuda,SHIP,"Thought of by many Arulite engineers as the bastard child of the company. Whilst undeniably an effective warship and prized by many a captain, the boffins at Arulite finished the design purely out of spite for the vessels' Domain Commission. Even going so far as to forgo the characteristic Advanced PD AI employed on other capital grade warships produced by Arulite and leave minor, if noticeable defects in the final product.",,,,
arul_garuda_xiv,SHIP,"Built to the specifications of the 14th Domain Battlegroup which founded the Hegemony, this vessel is a prime example of the Domain Navy's 'decisive battle' doctrine, particularly exhibited by a series of radical structural modifications performed using pre-Collapse industrial technology.

Thought of by many Arulite engineers as the bastard child of the company. Whilst undeniably an effective warship and prized by many a captain, the boffins at Arulite finished the design purely out of spite for the vessels' Domain Commission. Even going so far as to forgo the characteristic Advanced PD AI employed on other capital grade warships produced by Arulite and leave minor, if noticeable defects in the final product.",,,,
arul_babirusa,SHIP,"Once a super freighter whose vast internal cargo holds were used to transport entire colonies worth of materials and personnel across the Domain. The Babirusa has since been repurposed to store, service and deploy scores of fighters, heavy armaments and marines.",,,,
arul_bigfalcon,SHIP,"“Big fucker”
-  Head of the Chrysaetos' design team showing his associates the initial blueprints born from from his power nap",,,,
,,,,,,
#HVB,,,,,,
arul_taykawa,SHIP,"Using old HoloVid references this vessel looks and functions a great deal like an old ASHLAND’s Taykawa, despite the weaponisation. However, no models or blueprints were known to have existed in the Persean Sector prior to the Collapse due to the company showing little interest in frontier regions. Your crew confirms that they have been unable to match the vessel’s drive signature to any publicly available record and your first officer is convinced that if a ship like this had come from the Core it no doubt would have been plastered over the news feeds for at least a week. Stranger still, further analysis of the ship shows it was built sometime in the last 50 years with a residual radiation profile consistent with Gate travel… Unfortunately, the ship’s systems were slagged during the battle with all hands lost, their secrets dying along with them.",,,,
,,,,,,
,,,,,,
,,,,,,
,,,,,,
,,,,,,
,,,,,,
,,,,,,
,,,,,,
,,,,,,
,,,,,,
,,,,,,
,,,,,,
,,,,,,
,,,,,,
,,,,,,
,,,,,,
,,,,,,
,,,,,,
,,,,,,
,,,,,,
,,,,,,
,,,,,,
,,,,,,
,,,,,,
,,,,,,
,,,,,,
,,,,,,
,,,,,,
,,,,,,
,,,,,,
,,,,,,
,,,,,,
,,,,,,
,,,,,,
,,,,,,
,,,,,,
,,,,,,
,,,,,,
,,,,,,
,,,,,,
,,,,,,
,,,,,,
,,,,,,
,,,,,,
,,,,,,
,,,,,,
,,,,,,
,,,,,,
,,,,,,
,,,,,,
,,,,,,
,,,,,,
,,,,,,
,,,,,,
,,,,,,
,,,,,,
,,,,,,
,,,,,,
,,,,,,
,,,,,,
,,,,,,
,,,,,,
,,,,,,
,,,,,,
,,,,,,
,,,,,,
,,,,,,
,,,,,,
,,,,,,
,,,,,,
,,,,,,
,,,,,,
,,,,,,
,,,,,,
,,,,,,
,,,,,,
,,,,,,
,,,,,,
,,,,,,
,,,,,,
,,,,,,
,,,,,,
,,,,,,
,,,,,,
,,,,,,
,,,,,,
,,,,,,
,,,,,,
,,,,,,
,,,,,,
,,,,,,
,,,,,,
,,,,,,
,,,,,,
,,,,,,
,,,,,,
,,,,,,
,,,,,,
,,,,,,
,,,,,,
,,,,,,
,,,,,,
,,,,,,
,,,,,,
,,,,,,
,,,,,,
,,,,,,
,,,,,,
,,,,,,
,,,,,,
,,,,,,
,,,,,,
,,,,,,
,,,,,,
,,,,,,
,,,,,,
,,,,,,
,,,,,,
,,,,,,
,,,,,,
,,,,,,
,,,,,,
,,,,,,
,,,,,,
,,,,,,
,,,,,,
,,,,,,
,,,,,,
,,,,,,
,,,,,,
,,,,,,
,,,,,,
,,,,,,
,,,,,,
,,,,,,
,,,,,,
,,,,,,
,,,,,,
,,,,,,
,,,,,,
,,,,,,
,,,,,,
,,,,,,
,,,,,,
,,,,,,
,,,,,,
,,,,,,
,,,,,,
,,,,,,
,,,,,,
,,,,,,
,,,,,,
,,,,,,
,,,,,,
,,,,,,
,,,,,,
,,,,,,
,,,,,,
,,,,,,
,,,,,,
,,,,,,
,,,,,,
,,,,,,
,,,,,,
,,,,,,
,,,,,,
,,,,,,
,,,,,,
,,,,,,
,,,,,,
,,,,,,
,,,,,,
,,,,,,
,,,,,,
,,,,,,
,,,,,,
,,,,,,
,,,,,,
,,,,,,
,,,,,,
,,,,,,
,,,,,,
,,,,,,
,,,,,,
,,,,,,
,,,,,,
,,,,,,
,,,,,,
,,,,,,
,,,,,,
,,,,,,
,,,,,,
,,,,,,
,,,,,,
,,,,,,
,,,,,,
,,,,,,
,,,,,,
,,,,,,
,,,,,,
,,,,,,
,,,,,,
,,,,,,
,,,,,,
,,,,,,
,,,,,,
,,,,,,
,,,,,,
,,,,,,
,,,,,,
,,,,,,
,,,,,,
,,,,,,
,,,,,,
,,,,,,
,,,,,,
,,,,,,
,,,,,,
,,,,,,
,,,,,,
,,,,,,
,,,,,,
,,,,,,
,,,,,,
,,,,,,
,,,,,,
,,,,,,
,,,,,,
,,,,,,
,,,,,,
,,,,,,
,,,,,,
,,,,,,
,,,,,,
,,,,,,
,,,,,,
,,,,,,
,,,,,,
,,,,,,
,,,,,,
,,,,,,
,,,,,,
,,,,,,
,,,,,,
,,,,,,
,,,,,,
,,,,,,
,,,,,,
,,,,,,
,,,,,,
,,,,,,
,,,,,,
,,,,,,
,,,,,,
,,,,,,
,,,,,,
,,,,,,
,,,,,,
,,,,,,
,,,,,,
,,,,,,
,,,,,,
,,,,,,
,,,,,,
,,,,,,
,,,,,,
,,,,,,
,,,,,,
,,,,,,
,,,,,,
,,,,,,
,,,,,,
,,,,,,
,,,,,,
,,,,,,
,,,,,,
,,,,,,
,,,,,,
,,,,,,
,,,,,,
,,,,,,
,,,,,,
,,,,,,
,,,,,,
,,,,,,
,,,,,,
,,,,,,
,,,,,,
,,,,,,
,,,,,,
,,,,,,
,,,,,,
,,,,,,
,,,,,,
,,,,,,
,,,,,,
,,,,,,
,,,,,,
,,,,,,
,,,,,,
,,,,,,
,,,,,,
,,,,,,
,,,,,,
,,,,,,
,,,,,,
,,,,,,
,,,,,,
,,,,,,
,,,,,,
,,,,,,
,,,,,,
,,,,,,
,,,,,,
,,,,,,
,,,,,,
,,,,,,
,,,,,,
,,,,,,
,,,,,,
,,,,,,
,,,,,,
,,,,,,
,,,,,,
,,,,,,
,,,,,,
,,,,,,
,,,,,,
,,,,,,
,,,,,,
,,,,,,
,,,,,,
,,,,,,
,,,,,,
,,,,,,
,,,,,,
,,,,,,
,,,,,,
,,,,,,
,,,,,,
,,,,,,
,,,,,,
,,,,,,
,,,,,,
,,,,,,
,,,,,,
,,,,,,
,,,,,,
,,,,,,
,,,,,,
,,,,,,
,,,,,,
,,,,,,
,,,,,,
,,,,,,
,,,,,,
,,,,,,
,,,,,,
,,,,,,
,,,,,,
,,,,,,
,,,,,,
,,,,,,
,,,,,,
,,,,,,
,,,,,,
,,,,,,
,,,,,,
,,,,,,
,,,,,,
,,,,,,
,,,,,,
,,,,,,
,,,,,,
,,,,,,
,,,,,,
,,,,,,
,,,,,,
,,,,,,
,,,,,,
,,,,,,
,,,,,,
,,,,,,
,,,,,,
,,,,,,
,,,,,,
,,,,,,
,,,,,,
,,,,,,
,,,,,,
,,,,,,
,,,,,,
,,,,,,
,,,,,,
,,,,,,
,,,,,,
,,,,,,
,,,,,,
,,,,,,
,,,,,,
,,,,,,
,,,,,,
,,,,,,
,,,,,,
,,,,,,
,,,,,,
,,,,,,
,,,,,,
,,,,,,
,,,,,,
,,,,,,
,,,,,,
,,,,,,
,,,,,,
,,,,,,
,,,,,,
,,,,,,
,,,,,,
,,,,,,
,,,,,,
,,,,,,
,,,,,,
,,,,,,
,,,,,,
,,,,,,
,,,,,,
,,,,,,
,,,,,,
,,,,,,
,,,,,,
,,,,,,
,,,,,,
,,,,,,
,,,,,,
,,,,,,
,,,,,,
,,,,,,
,,,,,,
,,,,,,