{

				"arul_hrailgun_fire":[
        {"file":"sounds/arul_sfx/arul_hrailgun_fire.ogg","pitch":0.95, "volume":0.95},
        {"file":"sounds/arul_sfx/arul_hrailgun_fire.ogg","pitch":1, "volume":1},
        {"file":"sounds/arul_sfx/arul_hrailgun_fire.ogg","pitch":1.05, "volume":1.05},
	],
				"arul_hrailgun_charge":[
        {"file":"sounds/arul_sfx/arul_hrailgun_charge.ogg","pitch":0.95, "volume":0.95},
        {"file":"sounds/arul_sfx/arul_hrailgun_charge.ogg","pitch":1, "volume":1},
        {"file":"sounds/arul_sfx/arul_hrailgun_charge.ogg","pitch":1.05, "volume":1.05},
	],	
                                "arul_blc_fire":[
        {"file":"sounds/arul_sfx/arul_blc_fire.ogg","pitch":0.95, "volume":2},
        {"file":"sounds/arul_sfx/arul_blc_fire.ogg","pitch":1, "volume":2},
        {"file":"sounds/arul_sfx/arul_blc_fire.ogg","pitch":1.05, "volume":2},
	],
}




