name,id,tier,rarity,base value,range,damage/second,damage/shot,emp,impact,turn rate,OPs,ammo,ammo/sec,reload size,type,energy/shot,energy/second,chargeup,chargedown,burst size,burst delay,min spread,max spread,spread/shot,spread decay/sec,beam speed,proj speed,launch speed,flight time,proj hitpoints,autofireAccBonus,extraArcForAI,hints,tags,groupTag,tech/manufacturer,for weapon tooltip>>,primaryRoleStr,speedStr,trackingStr,turnRateStr,accuracyStr,customPrimary,customPrimaryHL,customAncillary,customAncillaryHL,noDPSInTooltip,number
Gravity Driver,arul_gravd,3,0.3,3000,1000,,400,,1000,15,15,,,,KINETIC,480,,0.65,2.1,1,,,,,,,1200,,,225,,,,"kinetic16, LR, rare_bp, hegemony, merc, remnant, persean",,Arulite Starworks,,Anti Shield,,,,,,,,,,1
GD Interceptor,arul_gdpd,3,0.3,750,400,,100,,500,120,6,,,,FRAGMENTATION,15,,0,0.33,1,,0,0,0,0,,1500,,,100,,,"PD, IGNORES_FLARES","pd10, SR, rare_bp, hegemony, merc, remnant, persean",,Arulite Starworks,,Point Defense,,,,,Deals an additional %s fragmentation damage to fighters and missiles on impact,100,,,TRUE,1.5
Phalanx PDC,arul_phalanx,2,,1400,500,,25,,1,55,11,,,,FRAGMENTATION,5,,0,0.031,1,,0,10,1,10,,900,,,30,,,"PD, IGNORES_FLARES","pd14, SR, arul_mar_bp, merc, hegemony, persean",,Arulite Starworks,,Point Defence,,,,,Deals an additional %s fragmentation damage to fighters and missiles on impact,25,,,TRUE,2
Antimatter Cannon,arul_amc,3,0.5,5000,900,,2000,,10,20,30,60,,,ENERGY,1500,,0,7,3,0.33,,,,,,1000,,,100,,,"STRIKE, GROUP_ALTERNATING","energy20, LR, no_bp_drop, no_sell, no_dealer",,Arulite Starworks,,Strike,,,,,,,,,,3
Rhino Cannon,arul_rhino,3,,3500,1100,,300,,180,15,30,,,,KINETIC,450,,0,3,3,0.2,0,0,0,0,,900,,,200,,,,"kinetic18, LR, arul_mar_bp, merc, hegemony, persean",,Arulite Starworks,,General,,,,,Deals an additional %s high explosive damage on impact,150,,,TRUE,4
Markus Deck Gun,arul_markus,3,0.3,2000,1000,,200,,30,20,12,,,,HIGH_EXPLOSIVE,185,,0,1.8,1,0,0,0,0,0,,900,,,100,,,,"he15, LR, arul_mar_bp, merc, hegemony, persean",,Arulite Starworks,,Anti Armour,,,,,,,,,,4.2
Light Deck Gun,arul_ldg,2,0.5,1500,700,,100,,10,30,7,,,,HIGH_EXPLOSIVE,90,,0,0.6,1,0,0,0,0,0,,900,,,50,,,,"he8, LR, arul_mar_bp, merc, hegemony, persean",,Arulite Starworks,,Anti Armour,,,,,,,,,,4.4
Arbalest Battery,arul_arbybatt,1,,1700,700,,300,,10,8,17,,,,KINETIC,240,,0,2.1,3,0.2,0,5,1,5,,800,,,50,,,,"kinetic14, base_bp, ind",,Arulite Starworks,,Anti Shield,,,,,,,,,,5
Ixel Naval Rifle,arul_ixel,2,,2000,1000,,1000,,50,12,23,,,,FRAGMENTATION,200,,0,3.4,1,0,0,0,0,0,,1200,,,200,,,,"kinetic16, LR, merc, hegemony, persean",,Arulite Starworks,,General,,,,,,,,,,6
Light Flak Cannon,arul_sflak,1,,300,300,,65,,10,65,5,,,,FRAGMENTATION,5,,0,0.1,1,0,0,10,2,10,,700,,,30,,,PD,"pd10, SR, rare_bp, hegemony, merc, ind, luddic_church, pirates",,Arulite Starworks,,Point Defence,,,,,,,,,,7
,,,,,,,,,,,,,,,,,,,,,,,,,,,,,,,,,,,,,,,,,,,,,,,,
Swarmer SRM Pod,arul_swarmpod,2,,500,1000,,100,,15,50,9,256,,,HIGH_EXPLOSIVE,0,,0,7,16,0.15,0,0,0,0,,300,100,5,50,,,"ANTI_FTR, DO_NOT_AIM, DO_NOT_CONSERVE","missile8, merc, midline_bp",,,,Anti Small Craft,Fast,Excellent,,,,,,,,10
Winnower LRM,arul_winnower,3,0.5,5000,4000,,1500,500,200,8,24,6,0.04,3,ENERGY,0,,0,20,3,1,,,,,,300,50,21,800,,,"STRIKE, DO_NOT_AIM","missile20, strike13, LR, missile_bp, rare_bp",,Arulite Starworks,,Strike,Medium,Good,,,,,,,TRUE,11
Tremor MRM Launcher,arul_tremor,3,0.5,10000,2500,,750,,150,20,16,4,0.2,2,HIGH_EXPLOSIVE,500,,0,1.25,2,0.25,0,0,0,,,400,200,10,250,,,"STRIKE, DO_NOT_AIM, DO_NOT_CONSERVE","missile15, strike12, LR, no_bp_drop, no_sell, no_dealer",,Pirate,,Anti Shield,Fast,Excellent,,,,,,,,12
Canister Flak Launcher,arul_chaff,0,,200,300,,200,,10,45,2,6,0.15,3,HIGH_EXPLOSIVE,20,,0,3,3,0.5,50,50,0,0,,50,300,2,100,,,PD,"pd6, SR, lowtech_bp, merc",,,,Point Defense (Area),,,,,,,,,,14
Multi Launch Torpedo System,arul_mlts,1,,3500,1250,,1000,200,30,15,20,36,,,HIGH_EXPLOSIVE,0,,0,8,6,0.3,0,0,0,,,600,100,4,450,,,"STRIKE, DO_NOT_CONSERVE, USE_VS_FRIGATES","strike16, rocket14, LR, arul_mar_bp, merc, hegemony, persean, remnant, derelict",,Arulite Starworks,,Anti Armour,,,,,,,,,,15
Firefly MRM Pod,arul_firefly,1,,1500,2000,,800,,15,20,12,24,,,HIGH_EXPLOSIVE,0,,0,4,3,0.3,0,0,0,,,350,550,10,250,,,DO_NOT_AIM,"missile13, strike9, missile_bp, rare_bp",,Arulite Starworks,,Anti Armour,Medium,Good,,,Deals an additional %s fragmentation damage on impact,400,,,TRUE,16
Firefly MRM (Bomber),arul_firefly_bomber,1,,1500,2000,,800,,15,20,12,1,,,HIGH_EXPLOSIVE,0,,0,0,1,0.25,0,0,0,,,350,550,10,250,,,SYSTEM,"missile13, strike9",,Arulite Starworks,,Anti Armour,Medium,Good,,,Deals an additional %s fragmentation damage on impact,400,,,TRUE,16.2
,,,,,,,,,,,,,,,,,,,,,,,,,,,,,,,,,,,,,,,,,,,,,,,,
Stagg Mining Blaster,arul_stagg,0,,2000,500,,700,,0,7,18,20,0.5,1,ENERGY,1200,,0,0.2,1,,0,30,1,15,,1000,,,,,,,"energy12, rare_bp, pirates",,Pirate,,General,,,,,,,,,,20
Strategic Laser,arul_stratlaser,1,,1800,1000,300,,,0,15,12,,,,KINETIC,,300,0.1,0.1,,,,,,,2400,,,,,,,,"beam14, LR, hightech_bp, midline_bp, merc",,,,Anti Shield,,,,,,,,,,21
Pulse Cannon,arul_protonc,2,,3000,900,,250,,10,15,28,,,,ENERGY,250,,0,0.5,1,0,0,0,0,0,,1000,,,,,,"STRIKE, USE_VS_FRIGATES","energy20, rare_bp, hist1t, merc, tritachyon, sindrian_diktat, remnant",,Arulite Starworks,,General,,,,,,,,,,22
Interceptor Array,arul_dualceptor,2,,1400,400,,150,,10,60,12,,,,ENERGY,50,,0,0.333333,1,,0,10,2,10,,700,,,30,,,PD,"pd15, SR, remnant, rare_bp, merc, tritachyon",,,,Point Defense (Area),,,,,,,,,,23
Blaidd Cannon,arul_blc,2,,3500,1000,1267,,,0,15,28,,,,HIGH_EXPLOSIVE,,1267,0,3,0.8,,,,,,4800,,,,,,,FIRE_WHEN_INEFFICIENT,"energy20, beam15, LR, arul_mar_bp, merc, tritachyon, sindrian_diktat, remnant",,Arulite Starworks,,Anti Armour,,,,,,,,,,24
,,,,,,,,,,,,,,,,,,,,,,,,,,,,,,,,,,,,,,,,,,,,,,,,
#Built-ins,,,,,,,,,,,,,,,,,,,,,,,,,,,,,,,,,,,,,,,,,,,,,,,,
EMP Emitter,arul_empe,3,,100000,500,,100,400,0,100,20,,,,ENERGY,50,,0,0.5,1,,,,,,,10000,,,,,25,"SYSTEM, PD","pd14, no_sell, no_bp_drop, no_drop, no_drop_salvage",,Pirate,,Point Defense,,,,Perfect,Fires an EMP arc at the nearest target close to the weapon's current facing. The arc always hits.,,,,,30
,,,,,,,,,,,,,,,,,,,,,,,,,,,,,,,,,,,,,,,,,,,,,,,,
Vestige Missile Conversion,arul_vestige_missile,3,,0,1500,,6000,600,200,0,0,1,,,FRAGMENTATION,0,,0,1,1,,0,0,0,0,,400,0,10,100000,,,"DIRECT_AIM, SYSTEM",restricted,,,,Missile,Fast,Medium,,,,,,,TRUE,40
,,,,,,,,,,,,,,,,,,,,,,,,,,,,,,,,,,,,,,,,,,,,,,,,
#Decos,,,,,,,,,,,,,,,,,,,,,,,,,,,,,,,,,,,,,,,,,,,,,,,,
arul_taykawa_cover_l,arul_taykawa_cover_l,,,,,,,,,,,,,,,,,,,,,,,,,,,,,,,,SYSTEM,,,,,,,,,,,,,,,
arul_taykawa_cover_r,arul_taykawa_cover_r,,,,,,,,,,,,,,,,,,,,,,,,,,,,,,,,SYSTEM,,,,,,,,,,,,,,,
,,,,,,,,,,,,,,,,,,,,,,,,,,,,,,,,,,,,,,,,,,,,,,,,
,,,,,,,,,,,,,,,,,,,,,,,,,,,,,,,,,,,,,,,,,,,,,,,,
,,,,,,,,,,,,,,,,,,,,,,,,,,,,,,,,,,,,,,,,,,,,,,,,
,,,,,,,,,,,,,,,,,,,,,,,,,,,,,,,,,,,,,,,,,,,,,,,,
,,,,,,,,,,,,,,,,,,,,,,,,,,,,,,,,,,,,,,,,,,,,,,,,
,,,,,,,,,,,,,,,,,,,,,,,,,,,,,,,,,,,,,,,,,,,,,,,,
,,,,,,,,,,,,,,,,,,,,,,,,,,,,,,,,,,,,,,,,,,,,,,,,
,,,,,,,,,,,,,,,,,,,,,,,,,,,,,,,,,,,,,,,,,,,,,,,,
,,,,,,,,,,,,,,,,,,,,,,,,,,,,,,,,,,,,,,,,,,,,,,,,
,,,,,,,,,,,,,,,,,,,,,,,,,,,,,,,,,,,,,,,,,,,,,,,,
,,,,,,,,,,,,,,,,,,,,,,,,,,,,,,,,,,,,,,,,,,,,,,,,
,,,,,,,,,,,,,,,,,,,,,,,,,,,,,,,,,,,,,,,,,,,,,,,,
,,,,,,,,,,,,,,,,,,,,,,,,,,,,,,,,,,,,,,,,,,,,,,,,
,,,,,,,,,,,,,,,,,,,,,,,,,,,,,,,,,,,,,,,,,,,,,,,,
,,,,,,,,,,,,,,,,,,,,,,,,,,,,,,,,,,,,,,,,,,,,,,,,
,,,,,,,,,,,,,,,,,,,,,,,,,,,,,,,,,,,,,,,,,,,,,,,,
,,,,,,,,,,,,,,,,,,,,,,,,,,,,,,,,,,,,,,,,,,,,,,,,
,,,,,,,,,,,,,,,,,,,,,,,,,,,,,,,,,,,,,,,,,,,,,,,,