{
    "id": "arulite_starworks",
    "name": "Arulite Starworks",
    "author": "SKYLORD ZERO",
    "utility":"false",
	"version":"0.1 initial release",
	"description":"Ship & weapon pack, for now.",
    "gameVersion": "0.95.1a-RC6", 
  	"jars":["jars/arul.jar"],
  	"modPlugin":"data.scripts.AruliteModPlugin",
	  	"dependencies": [
        {
            "id": "lw_lazylib",
            "name": "LazyLib",
            "version": "2.7b"
        },
        #{
        #    "id": "MagicLib",
        #    "name": "MagicLib",
        #    #"version": "0.34"
        #},
        #{
        #    "id": "shaderLib",
        #    "name": "GraphicsLib",
        #    #"version": "1.5.1"
        #}
    ],
}
