bounty_id,level,rank,firstName,lastName,captainPersonality,fleetName,flagshipName,gender,faction,portrait,greetingText,suppressIntel,postedByFaction,creditReward,repReward,intelText,flagshipVariantId,fleetVariantIds,minimumFleetFP,playerFPScalingFactor,chanceToAutoRecover,specialItemRewards,neverSpawnUnlessBountiesCompleted,neverSpawnWhenFactionHostile,neverSpawnWhenFactionNonHostile,neverSpawnBeforeCycle,neverSpawnBeforeLevel,neverSpawnBeforeFleetPoints
arul_bounty_taykawa,7,spaceCaptain,Karne,,aggressive,Expeditionary Force,Taykawa,FEMALE,hvb_hostile,graphics/portraits/arul_pirate1.png,So they sent you after me huh? I don't know whether to be flattered or insulted.,FALSE,independent,500000,15,"Your target is in possession of an old ASHLAND's Aerospace racing ship that has seen extensive modifications. Remember that the individual is the target, not the ship. You are free to destroy or capture the vessel as you see fit as long as you deliver proof of the target's elimination.",arul_taykawa_Elite,,500,1.3,1,,,FALSE,FALSE,207,10,150
,,,,,,,,,,,,,,,,,,,,,,,,,,,,
# NOTES,,,,,,,,,,,,,,,,,,,,,,,,,,,,
# bounty_id : line ID. Must be unique across all mods. I recommend a prefix,,,,,,,,,,,,,,,,,,,,,,,,,,,,
# level : character level of bounty captain,,,,,,,,,,,,,,,,,,,,,,,,,,,,
# rank : must match a rank ID in Ranks,,,,,,,,,,,,,,,,,,,,,,,,,,,,
# firstName : bounty captain's first name,,,,,,,,,,,,,,,,,,,,,,,,,,,,
# lastName : bounty captain's last name,,,,,,,,,,,,,,,,,,,,,,,,,,,,
# fleetName : full name of bounty fleet,,,,,,,,,,,,,,,,,,,,,,,,,,,,
# flagshipName : name of flagship. Needs to include prefix as it won't have it otherwise,,,,,,,,,,,,,,,,,,,,,,,,,,,,
# gender : must match a gender enum in FullName,,,,,,,,,,,,,,,,,,,,,,,,,,,,
# faction : faction id for bounty fleet and captain,,,,,,,,,,,,,,,,,,,,,,,,,,,,
# portrait : filepath for bounty portrait. Must be loaded by the game,,,,,,,,,,,,,,,,,,,,,,,,,,,,
# greetingText : full text that displays if/when you open comms with bounty fleet,,,,,,,,,,,,,,,,,,,,,,,,,,,,
# suppressIntel : if TRUE do not show intel event when bounty spawns,,,,,,,,,,,,,,,,,,,,,,,,,,,,
# postedByFaction : faction shown in intel panel as issuer of bounty. Also faction which rep reward applies to,,,,,,,,,,,,,,,,,,,,,,,,,,,,
# creditReward : credits paid out for bounty,,,,,,,,,,,,,,,,,,,,,,,,,,,,
# repReward : reputation points with issuing faction paid out for bounty on a 100 point scale,,,,,,,,,,,,,,,,,,,,,,,,,,,,
# intelText : ugh,,,,,,,,,,,,,,,,,,,,,,,,,,,,
# flagshipVariant : variant ID of bounty flagship,,,,,,,,,,,,,,,,,,,,,,,,,,,,
# fleetVariants : comma seperated list of variant ids for rest of bounty fleet,,,,,,,,,,,,,,,,,,,,,,,,,,,,
# specialItemsList : comma seperated list of special item ids dropped by fleet.  CURRENTLY DOES NOT WORK SORRY,,,,,,,,,,,,,,,,,,,,,,,,,,,,
# neverSpawnWhenFactionHostile : if TRUE never spawn when player is hostile to issuing faction,,,,,,,,,,,,,,,,,,,,,,,,,,,,
# neverSpawnWhenFactionNonHostile: if TRUE never spawn when player is friendly or neutral to target faction,,,,,,,,,,,,,,,,,,,,,,,,,,,,
# neverSpawnBeforeCycle : if over 206 never spawn before said cycle,,,,,,,,,,,,,,,,,,,,,,,,,,,,
# neverSpawnBeforeLevel : if over 1 never spawn when player is below said character level,,,,,,,,,,,,,,,,,,,,,,,,,,,,
# neverSpawnBeforeFleetPoints : if over 1 never spawn when player fleet is less than said fleet points,,,,,,,,,,,,,,,,,,,,,,,,,,,,
