name,id,tags,tech/manufacturer,rarity,base price,stack size,cargo space,baseRaidDanger,icon,sound id,sound id drop,plugin,plugin params,desc,order
# blueprints,,,,,,,,,,,,,,,
Arulite Maritime Blueprint Package,arul_maritime_package,package_bp,,,30000,1000,1,,graphics/icons/cargo/blueprint_midline.png,ui_chip_pickup,ui_bp_package_drop,com.fs.starfarer.api.campaign.impl.items.MultiBlueprintItemPlugin,arul_mar_bp,A collection of hulls & weapons Arulite Starworks have brought into the modern era from salvaged data of old Earth naval vessels.,215
Arulite Lowtech Blueprint Package,arul_lowtech_package,package_bp,,,25000,1000,1,,graphics/icons/cargo/blueprint_lowtech.png,ui_chip_pickup,ui_bp_package_drop,com.fs.starfarer.api.campaign.impl.items.MultiBlueprintItemPlugin,arul_low_bp,A collection of Lowtech hulls from Arulite Starworks.,216
,,,,,,,,,,,,,,,
,,,,,,,,,,,,,,,
,,,,,,,,,,,,,,,
,,,,,,,,,,,,,,,
,,,,,,,,,,,,,,,
,,,,,,,,,,,,,,,
,,,,,,,,,,,,,,,