{
	"combatSmallForSmallFleet":{
		"arul_halford_Picket":5,
		"arul_halford_Support":5,
		"arul_halford_p_Overdriven":3,
		"arul_halford_p_Balanced":7,

		"fallback":{"combatSmall":1},
	},
	"combatSmall":{
		"arul_halford_Picket":5,
		"arul_halford_Support":5,
		"arul_halford_p_Overdriven":3,
		"arul_halford_p_Balanced":7,

		"arul_bobblin_Elite":2,
		"arul_bobblin_Assault":2,
		"arul_bobblin_Balanced":6,

		"fallback":{"combatMedium":0.5},

	},
	"combatMedium":{
		"arul_hotchkiss_Balanced":8,
		"arul_hotchkiss_Reaper":2,

		"arul_sable_Balanced":8,
		"arul_sable_Overdriven":2,

		"arul_oddyfarer_Support":10,

		"arul_ohminator_Balanced":6,
		"arul_ohminator_Elite":2,
		"arul_ohminator_Overdriven":2,

		"arul_beltshark_Standard":3,
		"arul_beltshark_Elite":3,
		"arul_beltshark_Overdriven":2,
		"arul_beltshark_Support":2,
		
	},
	"combatLarge":{	
		"arul_superb_Balanced":8,
		"arul_superb_Elite":2,

		"arul_riven_Balanced":10,

		"arul_brigador_Elite":5,
		"arul_brigador_Balanced":5,
		
		"arul_veridir_Balanced":4,
		"arul_veridir_Elite":3,
		"arul_veridir_Support":2,
		"arul_veridir_Overdriven":1,

		"arul_modius_Balanced":5,
		"arul_modius_Overdriven":5,

		"arul_garrison_Support":5,
		"arul_garrison_Assault":5,

		"arul_lexicon_Balanced":5,

		"fallback":{"combatMedium":1},
	},
	"combatCapital":{

		"arul_paroxia_Balanced":5,
		"arul_paroxia_Elite":5,

		"arul_excoria_Elite":10,

		"arul_veloria_Balanced":5,
		"arul_veloria_Elite":5,

		"arul_garuda_Swarm":5,
		"arul_garuda_Elite":5,

		"fallback":{"combatLarge":1},
	},

	# hybrid ships with good combat and cargo capacity
	
	"combatFreighterMedium":{
		"arul_oddyfarer_Support":10,

	},

	"civilianRandom":{
		"arul_jotunn_Standard":1,
	},

	# freighters and such

	"tankerLarge":{
		"arul_jotunn_Standard":10,
	},
	
}
