name,id,designation,tech/manufacturer,system id,fleet pts,hitpoints,armor rating,max flux,8/6/5/4%,flux dissipation,ordnance points,fighter bays,max speed,acceleration,deceleration,max turn rate,turn acceleration,mass,shield type,defense id,shield arc,shield upkeep,shield efficiency,phase cost,phase upkeep,min crew,max crew,cargo,fuel,fuel/ly,range,max burn,base value,cr %/day,CR to deploy,peak CR sec,CR loss/sec,supplies/rec,supplies/mo,c/s,c/f,f/s,f/f,crew/s,crew/f,hints,tags,rarity,breakProb,minPieces,maxPieces,travel drive,number
Vestige,arul_drone_vestige,,Unknown,,,500,100,200,,50,,,300,400,400,200,400,5,NONE,,360,0,1,,,0,0,,,,,,,,,,,,,,,,,,,,,,0,,,,1
,,,,,,,,,,,,,,,,,,,,,,,,,,,,,,,,,,,,,,,,,,,,,,,,,,,,,
Kitelette,arul_kitelette,,Arulite Starworks,,,450,50,800,,110,0,,450,600,500,150,300,35,OMNI,,150,0,0.9,,,2,2,,,,,,,,,,,,,,,,,,,,,,0,,,,101
B-98,arul_asmbomber,,Arulite Starworks,,,500,75,350,,100,0,,150,200,200,40,120,30,OMNI,,180,0,1,,,2,2,,,,,,,,,,,,,,,,,,,,,,0,,,,102
F/S-79,arul_ionfighter,,Arulite Starworks,,,400,50,200,,50,0,,275,350,300,120,240,20,OMNI,,150,0,1,,,1,1,,,,,,,,,,,,,,,,,,,,,,0,,,,103
F/I-43,arul_fighterceptor,,Arulite Starworks,flarelauncher_fighter,,500,75,200,,100,0,,450,600,500,150,300,30,FRONT,,210,0,1,,,1,1,,,,,,,,,,,,,,,,,,,,,,0,,,,104
HE Drone,arul_drone_he,,Explorarium,,,500,200,200,,50,0,,130,180,150,100,200,40,NONE,,0,0,0,,,0,0,,,,,,,,,,,,,,,,,,,,,,0,,,,105
KE Drone,arul_drone_ke,,Explorarium,,,500,200,200,,50,0,,130,180,150,100,200,40,NONE,,0,0,0,,,0,0,,,,,,,,,,,,,,,,,,,,,,0,,,,106
,,,,,,,,,,,,,,,,,,,,,,,,,,,,,,,,,,,,,,,,,,,,,,,,,,,,,
Halford,arul_halford,Littoral Patrol Frigate,Arulite Starworks,ammofeed,5,1750,200,2000,,190,45,,135,100,100,90,120,150,OMNI,,150,0.4,0.8,,,20,35,30,30,1,30,10,11000,8,10,240,0.25,5,5,,,,,,,,"midline_bp, merc",,0.5,2,2,,201
Halford (P),arul_halford_p,Patrol Frigate,Pirate,flarelauncher,5,1600,180,2000,,190,45,,145,110,110,100,140,140,OMNI,,150,0.4,0.8,,,20,35,30,30,1,30,10,9000,8,10,240,0.25,5,5,,,,,,,,"rare_bp, pirates",,0.5,2,2,,202
Bobblin,arul_bobblin,Frigate,Arulite Starworks,plasmajets,7,2300,350,3500,,205,50,,150,180,135,110,300,250,OMNI,,210,0.4,0.9,,,25,40,30,35,1,35,10,14000,8,12,240,0.25,6,6,,,,,,,,"rare_bp, tritachyon, merc",,0.4,2,2,,203
,,,,,,,,,,,,,,,,,,,,,,,,,,,,,,,,,,,,,,,,,,,,,,,,,,,,,
Hotchkiss,arul_hotchkiss,Missile Destroyer,Arulite Starworks,forgevats,10,4500,700,5500,,425,100,,90,60,40,30,60,450,OMNI,,150,0.4,0.8,,,40,70,60,70,2,35,9,40000,5,15,360,0.25,15,15,,,,,,,,"rare_bp, tritachyon, merc",0.5,0.6,2,3,,301
Sable,arul_sable,Destroyer,Arulite Starworks,ammofeed,12,5000,900,7000,,350,100,,90,60,40,30,60,550,OMNI,,210,0.4,1,,,60,85,50,60,2,30,9,50000,5,15,420,0.25,15,15,,,,,,,,"rare_bp, merc, hegemony, luddic_church",0.75,0.5,2,3,,302
Oddyfarer,arul_oddyfarer,Combat Freighter,Arulite Starworks,flarelauncher_active,10,4500,550,7800,,375,85,2,75,50,35,28,50,500,OMNI,,180,0.3,0.7,,,50,110,300,90,2,45,9,58000,5,10,420,0.25,10,10,,,,,,,,"rare_bp, tritachyon, merc, independent",,0.6,2,3,,303
Gatto,arul_gatto,Destroyer,Arulite Starworks,highenergyfocus,10,4000,500,6000,,300,75,,90,80,60,30,30,350,OMNI,,90,0.4,1,,,50,70,160,50,2,25,9,45000,5,12,300,0.25,10,10,,,,,,,,"midline_bp, merc",,0.5,2,3,,304
Ohminator,arul_ohminator,Destroyer,Pirate,displacer,12,4500,750,7200,,360,90,,110,75,50,38,75,525,FRONT,,270,0.5,1.4,,,35,65,50,60,2,30,10,68000,5,10,360,0.25,9,9,,,,,,,,"rare_bp, pirates",,0.6,2,3,,305
Belt Shark,arul_beltshark,Destroyer,Pirate,ammofeed,11,4000,500,6000,,300,95,,90,60,40,30,60,450,OMNI,,90,0.4,1,,,50,100,120,60,2,30,10,40000,5,12,360,0.25,9,9,,,,,,,,"rare_bp, pirates",,0.6,2,3,,306
,,,,,,,,,,,,,,,,,,,,,,,,,,,,,,,,,,,,,,,,,,,,,,,,,,,,,
Super Buffalo,arul_superb,Fast Cruiser,Pirate,ammofeed,14,8500,900,8000,,400,145,,75,50,40,30,35,1400,OMNI,,90,0.5,1,,,125,160,190,60,3,20,8,85000,4,15,480,0.25,16,16,,,,,,,,"rare_bp, pirates",,0.6,2,4,,401
Lexicon,arul_lexicon,Heavy Cruiser,Pirate,ammofeed,15,10000,1000,8000,,400,135,2,30,20,10,12,12,2000,FRONT,,90,0.5,1.3,,,250,400,200,200,5,40,7,135000,4,12,540,0.25,21,21,,,,,,,"CARRIER, COMBAT","rare_bp, pirates",,0.6,2,4,,402
Sosig,arul_sosig,Light Cruiser,Pirate,canister_flak,13,6000,650,14000,,325,105,,80,60,50,35,35,900,OMNI,,90,0.5,1.4,,,120,180,130,120,3,40,9,120000,4,12,480,0.25,15,15,,,,,,,,"rare_bp, pirates",,0.6,2,3,,403
Riven,arul_riven,Cruiser,Arulite Starworks,maneuveringjets,14,8000,1000,8000,,400,125,1,60,50,40,20,25,1200,FRONT,,210,0.5,0.8,,,150,250,105,70,3,23,8,120000,4,12,480,0.25,20,20,,,,,,,,"rare_bp, persean, merc",,0.5,2,3,,404
Icon,arul_icon,Assault Cruiser,Arulite Starworks,ammofeed,16,9000,1000,9000,,600,175,,55,35,25,15,20,1800,OMNI,,90,0.4,1,,,120,180,100,120,4,30,9,125000,4,12,540,0.25,25,25,,,,,,,,"rare_bp, merc, hegemony",,0.5,2,4,,405
Jotunn,arul_jotunn,Tanker,Arulite Starworks,flarelauncher,9,6000,800,5000,,250,60,1,50,23,15,15,15,2400,OMNI,,150,0.5,1.2,,,40,120,100,2000,4,500,8,50000,3,20,480,0.25,7,7,,,250,450,,,"CIVILIAN, TANKER","rare_bp, merc, sindrian_diktat, persean, hegemony, luddic_church, independent, tritachyon",,0.75,3,5,,406
Attendant,arul_attendant,Drone Tender,Arulite Starworks,maneuveringjets,10,5000,800,4800,,250,85,4,50,23,15,15,15,1800,OMNI,,90,0.5,0.8,,,100,150,250,90,3,30,8,85000,5,15,480,0.25,16,16,,,,,,,"CARRIER, COMBAT","lowtech_bp, merc",,0.5,2,4,,407
Veridir,arul_veridir,Drone,Explorarium,ammofeed,10,12000,1400,10000,,500,130,,40,20,10,12,10,2300,NONE,,0,0,0,,,0,0,80,80,4,20,8,150000,5,12,600,0.25,16,16,,,,,,,"UNBOARDABLE, HIDE_IN_CODEX","derelict, auto_rec",,0.5,2,3,,408
Garrison,arul_garrison,Drone Carrier,Explorarium,fastmissileracks,10,8000,800,4000,,200,100,4,40,20,10,12,10,1700,NONE,,0,0,0,,,0,0,60,60,4,15,8,180000,5,12,600,0.25,20,20,,,,,,,"UNBOARDABLE, HIDE_IN_CODEX, CARRIER","derelict, auto_rec",,0.5,2,3,,409
Brigador,arul_brigador,Cruiser,Arulite Starworks,maneuveringjets,13,7000,800,8000,,400,160,3,60,50,40,30,20,2000,OMNI,,90,0.4,1,,,150,280,370,110,4,25,8,95000,5,12,540,0.25,17,17,,,,,,,"CARRIER, COMBAT","rare_bp, merc, independent",,0.5,2,4,,410
,arul_modius,Modius,Unknown,arul_drone_vestige_strike,40,10000,1500,15000,,1500,200,1,100,120,120,45,135,2000,OMNI,,150,0,0.5,,,0,0,40,150,3,50,11,500000,20,5,1200,0.25,30,30,,,,,,,"UNBOARDABLE, HIDE_IN_CODEX, CARRIER, COMBAT","omega, no_autofit, restricted",,0.5,2,3,,411
,,,,,,,,,,,,,,,,,,,,,,,,,,,,,,,,,,,,,,,,,,,,,,,,,,,,,
Paroxia,arul_paroxia,Battlecruiser,Arulite Starworks,maneuveringjets,24,17000,1500,18000,,950,285,,45,20,15,6,4,3000,OMNI,,90,0.4,1,,,650,1000,300,350,10,35,8,325000,3,15,660,0.25,40,40,,,,,,,,"rare_bp, merc, hegemony",,0.5,2,4,,501
Excoria,arul_excoria,Dreadnought,Arulite Starworks,burndrive,30,20000,1700,20000,,1050,370,4,30,15,10,5,4,3500,OMNI,,90,0.4,1,,,750,1500,350,400,10,40,7,450000,3,15,720,0.25,60,60,,,,,,,"CARRIER, COMBAT","rare_bp, merc, hegemony",,0.5,2,4,,502
Veloria,arul_veloria,Battlecruiser,Arulite Starworks,microburn,24,10000,1000,18000,,1200,280,,70,50,40,8,12,2500,OMNI,,120,0.25,0.7,,,350,550,350,400,8,50,8,360000,4,20,660,0.25,40,40,,,,,,,,"rare_bp, merc, tritachyon",,0.5,2,4,,503
Garuda,arul_garuda,Missile Battlecruiser,Arulite Starworks,forgevats,25,12000,1200,18000,,900,270,,45,20,15,8,12,2500,OMNI,,150,0.4,0.9,,,400,500,300,300,10,30,8,330000,3,15,600,0.25,40,40,,,,,,,,"rare_bp, merc, persean",,0.5,2,4,,504
Garuda (XIV),arul_garuda_xiv,Missile Battlecruiser,XIV Battlegroup,forgevats,25,12000,1200,18000,,900,280,,45,20,15,8,12,2500,OMNI,,150,0.4,0.9,,,400,500,300,300,10,30,8,330000,3,15,600,0.25,40,40,,,,,,,,XIV_bp,,0.5,2,4,,505
Babirusa,arul_babirusa,Converted Supercarrier,Arulite Starworks,fastmissileracks,30,14000,1400,12000,,600,350,8,30,15,10,7,4,3000,OMNI,,180,0.5,1.1,,,900,2400,800,400,8,50,7,400000,3,20,720,0.25,60,60,,,,,,,CARRIER,"rare_bp, merc, luddic_church, independent",,0.5,2,4,,506
,,,,,,,,,,,,,,,,,,,,,,,,,,,,,,,,,,,,,,,,,,,,,,,,,,,,,
,,,,,,,,,,,,,,,,,,,,,,,,,,,,,,,,,,,,,,,,,,,,,,,,,,,,,
,,,,,,,,,,,,,,,,,,,,,,,,,,,,,,,,,,,,,,,,,,,,,,,,,,,,,
,,,,,,,,,,,,,,,,,,,,,,,,,,,,,,,,,,,,,,,,,,,,,,,,,,,,,
,,,,,,,,,,,,,,,,,,,,,,,,,,,,,,,,,,,,,,,,,,,,,,,,,,,,,
,,,,,,,,,,,,,,,,,,,,,,,,,,,,,,,,,,,,,,,,,,,,,,,,,,,,,
,,,,,,,,,,,,,,,,,,,,,,,,,,,,,,,,,,,,,,,,,,,,,,,,,,,,,
,,,,,,,,,,,,,,,,,,,,,,,,,,,,,,,,,,,,,,,,,,,,,,,,,,,,,
,,,,,,,,,,,,,,,,,,,,,,,,,,,,,,,,,,,,,,,,,,,,,,,,,,,,,
,,,,,,,,,,,,,,,,,,,,,,,,,,,,,,,,,,,,,,,,,,,,,,,,,,,,,
,,,,,,,,,,,,,,,,,,,,,,,,,,,,,,,,,,,,,,,,,,,,,,,,,,,,,
,,,,,,,,,,,,,,,,,,,,,,,,,,,,,,,,,,,,,,,,,,,,,,,,,,,,,
,,,,,,,,,,,,,,,,,,,,,,,,,,,,,,,,,,,,,,,,,,,,,,,,,,,,,
,,,,,,,,,,,,,,,,,,,,,,,,,,,,,,,,,,,,,,,,,,,,,,,,,,,,,
,,,,,,,,,,,,,,,,,,,,,,,,,,,,,,,,,,,,,,,,,,,,,,,,,,,,,
,,,,,,,,,,,,,,,,,,,,,,,,,,,,,,,,,,,,,,,,,,,,,,,,,,,,,
,,,,,,,,,,,,,,,,,,,,,,,,,,,,,,,,,,,,,,,,,,,,,,,,,,,,,
,,,,,,,,,,,,,,,,,,,,,,,,,,,,,,,,,,,,,,,,,,,,,,,,,,,,,
,,,,,,,,,,,,,,,,,,,,,,,,,,,,,,,,,,,,,,,,,,,,,,,,,,,,,
,,,,,,,,,,,,,,,,,,,,,,,,,,,,,,,,,,,,,,,,,,,,,,,,,,,,,
,,,,,,,,,,,,,,,,,,,,,,,,,,,,,,,,,,,,,,,,,,,,,,,,,,,,,
,,,,,,,,,,,,,,,,,,,,,,,,,,,,,,,,,,,,,,,,,,,,,,,,,,,,,
,,,,,,,,,,,,,,,,,,,,,,,,,,,,,,,,,,,,,,,,,,,,,,,,,,,,,
,,,,,,,,,,,,,,,,,,,,,,,,,,,,,,,,,,,,,,,,,,,,,,,,,,,,,
,,,,,,,,,,,,,,,,,,,,,,,,,,,,,,,,,,,,,,,,,,,,,,,,,,,,,
,,,,,,,,,,,,,,,,,,,,,,,,,,,,,,,,,,,,,,,,,,,,,,,,,,,,,
,,,,,,,,,,,,,,,,,,,,,,,,,,,,,,,,,,,,,,,,,,,,,,,,,,,,,
,,,,,,,,,,,,,,,,,,,,,,,,,,,,,,,,,,,,,,,,,,,,,,,,,,,,,
,,,,,,,,,,,,,,,,,,,,,,,,,,,,,,,,,,,,,,,,,,,,,,,,,,,,,
,,,,,,,,,,,,,,,,,,,,,,,,,,,,,,,,,,,,,,,,,,,,,,,,,,,,,
,,,,,,,,,,,,,,,,,,,,,,,,,,,,,,,,,,,,,,,,,,,,,,,,,,,,,
,,,,,,,,,,,,,,,,,,,,,,,,,,,,,,,,,,,,,,,,,,,,,,,,,,,,,
,,,,,,,,,,,,,,,,,,,,,,,,,,,,,,,,,,,,,,,,,,,,,,,,,,,,,
,,,,,,,,,,,,,,,,,,,,,,,,,,,,,,,,,,,,,,,,,,,,,,,,,,,,,
,,,,,,,,,,,,,,,,,,,,,,,,,,,,,,,,,,,,,,,,,,,,,,,,,,,,,
,,,,,,,,,,,,,,,,,,,,,,,,,,,,,,,,,,,,,,,,,,,,,,,,,,,,,
,,,,,,,,,,,,,,,,,,,,,,,,,,,,,,,,,,,,,,,,,,,,,,,,,,,,,
,,,,,,,,,,,,,,,,,,,,,,,,,,,,,,,,,,,,,,,,,,,,,,,,,,,,,
,,,,,,,,,,,,,,,,,,,,,,,,,,,,,,,,,,,,,,,,,,,,,,,,,,,,,
,,,,,,,,,,,,,,,,,,,,,,,,,,,,,,,,,,,,,,,,,,,,,,,,,,,,,
,,,,,,,,,,,,,,,,,,,,,,,,,,,,,,,,,,,,,,,,,,,,,,,,,,,,,
,,,,,,,,,,,,,,,,,,,,,,,,,,,,,,,,,,,,,,,,,,,,,,,,,,,,,
,,,,,,,,,,,,,,,,,,,,,,,,,,,,,,,,,,,,,,,,,,,,,,,,,,,,,
,,,,,,,,,,,,,,,,,,,,,,,,,,,,,,,,,,,,,,,,,,,,,,,,,,,,,
,,,,,,,,,,,,,,,,,,,,,,,,,,,,,,,,,,,,,,,,,,,,,,,,,,,,,
,,,,,,,,,,,,,,,,,,,,,,,,,,,,,,,,,,,,,,,,,,,,,,,,,,,,,
,,,,,,,,,,,,,,,,,,,,,,,,,,,,,,,,,,,,,,,,,,,,,,,,,,,,,
,,,,,,,,,,,,,,,,,,,,,,,,,,,,,,,,,,,,,,,,,,,,,,,,,,,,,
,,,,,,,,,,,,,,,,,,,,,,,,,,,,,,,,,,,,,,,,,,,,,,,,,,,,,
,,,,,,,,,,,,,,,,,,,,,,,,,,,,,,,,,,,,,,,,,,,,,,,,,,,,,
,,,,,,,,,,,,,,,,,,,,,,,,,,,,,,,,,,,,,,,,,,,,,,,,,,,,,
,,,,,,,,,,,,,,,,,,,,,,,,,,,,,,,,,,,,,,,,,,,,,,,,,,,,,
,,,,,,,,,,,,,,,,,,,,,,,,,,,,,,,,,,,,,,,,,,,,,,,,,,,,,
,,,,,,,,,,,,,,,,,,,,,,,,,,,,,,,,,,,,,,,,,,,,,,,,,,,,,
,,,,,,,,,,,,,,,,,,,,,,,,,,,,,,,,,,,,,,,,,,,,,,,,,,,,,
,,,,,,,,,,,,,,,,,,,,,,,,,,,,,,,,,,,,,,,,,,,,,,,,,,,,,
,,,,,,,,,,,,,,,,,,,,,,,,,,,,,,,,,,,,,,,,,,,,,,,,,,,,,
,,,,,,,,,,,,,,,,,,,,,,,,,,,,,,,,,,,,,,,,,,,,,,,,,,,,,
,,,,,,,,,,,,,,,,,,,,,,,,,,,,,,,,,,,,,,,,,,,,,,,,,,,,,
,,,,,,,,,,,,,,,,,,,,,,,,,,,,,,,,,,,,,,,,,,,,,,,,,,,,,
,,,,,,,,,,,,,,,,,,,,,,,,,,,,,,,,,,,,,,,,,,,,,,,,,,,,,
,,,,,,,,,,,,,,,,,,,,,,,,,,,,,,,,,,,,,,,,,,,,,,,,,,,,,
,,,,,,,,,,,,,,,,,,,,,,,,,,,,,,,,,,,,,,,,,,,,,,,,,,,,,
,,,,,,,,,,,,,,,,,,,,,,,,,,,,,,,,,,,,,,,,,,,,,,,,,,,,,
,,,,,,,,,,,,,,,,,,,,,,,,,,,,,,,,,,,,,,,,,,,,,,,,,,,,,
,,,,,,,,,,,,,,,,,,,,,,,,,,,,,,,,,,,,,,,,,,,,,,,,,,,,,
,,,,,,,,,,,,,,,,,,,,,,,,,,,,,,,,,,,,,,,,,,,,,,,,,,,,,
,,,,,,,,,,,,,,,,,,,,,,,,,,,,,,,,,,,,,,,,,,,,,,,,,,,,,
,,,,,,,,,,,,,,,,,,,,,,,,,,,,,,,,,,,,,,,,,,,,,,,,,,,,,
,,,,,,,,,,,,,,,,,,,,,,,,,,,,,,,,,,,,,,,,,,,,,,,,,,,,,
,,,,,,,,,,,,,,,,,,,,,,,,,,,,,,,,,,,,,,,,,,,,,,,,,,,,,
,,,,,,,,,,,,,,,,,,,,,,,,,,,,,,,,,,,,,,,,,,,,,,,,,,,,,
,,,,,,,,,,,,,,,,,,,,,,,,,,,,,,,,,,,,,,,,,,,,,,,,,,,,,
,,,,,,,,,,,,,,,,,,,,,,,,,,,,,,,,,,,,,,,,,,,,,,,,,,,,,
,,,,,,,,,,,,,,,,,,,,,,,,,,,,,,,,,,,,,,,,,,,,,,,,,,,,,
,,,,,,,,,,,,,,,,,,,,,,,,,,,,,,,,,,,,,,,,,,,,,,,,,,,,,
,,,,,,,,,,,,,,,,,,,,,,,,,,,,,,,,,,,,,,,,,,,,,,,,,,,,,
,,,,,,,,,,,,,,,,,,,,,,,,,,,,,,,,,,,,,,,,,,,,,,,,,,,,,
,,,,,,,,,,,,,,,,,,,,,,,,,,,,,,,,,,,,,,,,,,,,,,,,,,,,,
,,,,,,,,,,,,,,,,,,,,,,,,,,,,,,,,,,,,,,,,,,,,,,,,,,,,,
,,,,,,,,,,,,,,,,,,,,,,,,,,,,,,,,,,,,,,,,,,,,,,,,,,,,,
,,,,,,,,,,,,,,,,,,,,,,,,,,,,,,,,,,,,,,,,,,,,,,,,,,,,,
,,,,,,,,,,,,,,,,,,,,,,,,,,,,,,,,,,,,,,,,,,,,,,,,,,,,,
,,,,,,,,,,,,,,,,,,,,,,,,,,,,,,,,,,,,,,,,,,,,,,,,,,,,,
,,,,,,,,,,,,,,,,,,,,,,,,,,,,,,,,,,,,,,,,,,,,,,,,,,,,,
,,,,,,,,,,,,,,,,,,,,,,,,,,,,,,,,,,,,,,,,,,,,,,,,,,,,,
,,,,,,,,,,,,,,,,,,,,,,,,,,,,,,,,,,,,,,,,,,,,,,,,,,,,,
,,,,,,,,,,,,,,,,,,,,,,,,,,,,,,,,,,,,,,,,,,,,,,,,,,,,,
,,,,,,,,,,,,,,,,,,,,,,,,,,,,,,,,,,,,,,,,,,,,,,,,,,,,,
,,,,,,,,,,,,,,,,,,,,,,,,,,,,,,,,,,,,,,,,,,,,,,,,,,,,,
,,,,,,,,,,,,,,,,,,,,,,,,,,,,,,,,,,,,,,,,,,,,,,,,,,,,,
,,,,,,,,,,,,,,,,,,,,,,,,,,,,,,,,,,,,,,,,,,,,,,,,,,,,,
,,,,,,,,,,,,,,,,,,,,,,,,,,,,,,,,,,,,,,,,,,,,,,,,,,,,,
,,,,,,,,,,,,,,,,,,,,,,,,,,,,,,,,,,,,,,,,,,,,,,,,,,,,,
,,,,,,,,,,,,,,,,,,,,,,,,,,,,,,,,,,,,,,,,,,,,,,,,,,,,,
,,,,,,,,,,,,,,,,,,,,,,,,,,,,,,,,,,,,,,,,,,,,,,,,,,,,,
,,,,,,,,,,,,,,,,,,,,,,,,,,,,,,,,,,,,,,,,,,,,,,,,,,,,,
,,,,,,,,,,,,,,,,,,,,,,,,,,,,,,,,,,,,,,,,,,,,,,,,,,,,,
,,,,,,,,,,,,,,,,,,,,,,,,,,,,,,,,,,,,,,,,,,,,,,,,,,,,,
,,,,,,,,,,,,,,,,,,,,,,,,,,,,,,,,,,,,,,,,,,,,,,,,,,,,,
,,,,,,,,,,,,,,,,,,,,,,,,,,,,,,,,,,,,,,,,,,,,,,,,,,,,,
,,,,,,,,,,,,,,,,,,,,,,,,,,,,,,,,,,,,,,,,,,,,,,,,,,,,,
,,,,,,,,,,,,,,,,,,,,,,,,,,,,,,,,,,,,,,,,,,,,,,,,,,,,,
,,,,,,,,,,,,,,,,,,,,,,,,,,,,,,,,,,,,,,,,,,,,,,,,,,,,,
,,,,,,,,,,,,,,,,,,,,,,,,,,,,,,,,,,,,,,,,,,,,,,,,,,,,,
,,,,,,,,,,,,,,,,,,,,,,,,,,,,,,,,,,,,,,,,,,,,,,,,,,,,,
,,,,,,,,,,,,,,,,,,,,,,,,,,,,,,,,,,,,,,,,,,,,,,,,,,,,,
,,,,,,,,,,,,,,,,,,,,,,,,,,,,,,,,,,,,,,,,,,,,,,,,,,,,,
,,,,,,,,,,,,,,,,,,,,,,,,,,,,,,,,,,,,,,,,,,,,,,,,,,,,,
,,,,,,,,,,,,,,,,,,,,,,,,,,,,,,,,,,,,,,,,,,,,,,,,,,,,,
,,,,,,,,,,,,,,,,,,,,,,,,,,,,,,,,,,,,,,,,,,,,,,,,,,,,,
,,,,,,,,,,,,,,,,,,,,,,,,,,,,,,,,,,,,,,,,,,,,,,,,,,,,,
,,,,,,,,,,,,,,,,,,,,,,,,,,,,,,,,,,,,,,,,,,,,,,,,,,,,,
,,,,,,,,,,,,,,,,,,,,,,,,,,,,,,,,,,,,,,,,,,,,,,,,,,,,,
,,,,,,,,,,,,,,,,,,,,,,,,,,,,,,,,,,,,,,,,,,,,,,,,,,,,,
,,,,,,,,,,,,,,,,,,,,,,,,,,,,,,,,,,,,,,,,,,,,,,,,,,,,,
,,,,,,,,,,,,,,,,,,,,,,,,,,,,,,,,,,,,,,,,,,,,,,,,,,,,,
,,,,,,,,,,,,,,,,,,,,,,,,,,,,,,,,,,,,,,,,,,,,,,,,,,,,,
,,,,,,,,,,,,,,,,,,,,,,,,,,,,,,,,,,,,,,,,,,,,,,,,,,,,,
,,,,,,,,,,,,,,,,,,,,,,,,,,,,,,,,,,,,,,,,,,,,,,,,,,,,,
,,,,,,,,,,,,,,,,,,,,,,,,,,,,,,,,,,,,,,,,,,,,,,,,,,,,,
,,,,,,,,,,,,,,,,,,,,,,,,,,,,,,,,,,,,,,,,,,,,,,,,,,,,,
,,,,,,,,,,,,,,,,,,,,,,,,,,,,,,,,,,,,,,,,,,,,,,,,,,,,,
,,,,,,,,,,,,,,,,,,,,,,,,,,,,,,,,,,,,,,,,,,,,,,,,,,,,,
,,,,,,,,,,,,,,,,,,,,,,,,,,,,,,,,,,,,,,,,,,,,,,,,,,,,,
,,,,,,,,,,,,,,,,,,,,,,,,,,,,,,,,,,,,,,,,,,,,,,,,,,,,,
,,,,,,,,,,,,,,,,,,,,,,,,,,,,,,,,,,,,,,,,,,,,,,,,,,,,,
,,,,,,,,,,,,,,,,,,,,,,,,,,,,,,,,,,,,,,,,,,,,,,,,,,,,,
,,,,,,,,,,,,,,,,,,,,,,,,,,,,,,,,,,,,,,,,,,,,,,,,,,,,,
,,,,,,,,,,,,,,,,,,,,,,,,,,,,,,,,,,,,,,,,,,,,,,,,,,,,,
,,,,,,,,,,,,,,,,,,,,,,,,,,,,,,,,,,,,,,,,,,,,,,,,,,,,,
,,,,,,,,,,,,,,,,,,,,,,,,,,,,,,,,,,,,,,,,,,,,,,,,,,,,,
,,,,,,,,,,,,,,,,,,,,,,,,,,,,,,,,,,,,,,,,,,,,,,,,,,,,,
,,,,,,,,,,,,,,,,,,,,,,,,,,,,,,,,,,,,,,,,,,,,,,,,,,,,,
,,,,,,,,,,,,,,,,,,,,,,,,,,,,,,,,,,,,,,,,,,,,,,,,,,,,,
,,,,,,,,,,,,,,,,,,,,,,,,,,,,,,,,,,,,,,,,,,,,,,,,,,,,,
,,,,,,,,,,,,,,,,,,,,,,,,,,,,,,,,,,,,,,,,,,,,,,,,,,,,,
,,,,,,,,,,,,,,,,,,,,,,,,,,,,,,,,,,,,,,,,,,,,,,,,,,,,,
,,,,,,,,,,,,,,,,,,,,,,,,,,,,,,,,,,,,,,,,,,,,,,,,,,,,,
,,,,,,,,,,,,,,,,,,,,,,,,,,,,,,,,,,,,,,,,,,,,,,,,,,,,,
,,,,,,,,,,,,,,,,,,,,,,,,,,,,,,,,,,,,,,,,,,,,,,,,,,,,,
,,,,,,,,,,,,,,,,,,,,,,,,,,,,,,,,,,,,,,,,,,,,,,,,,,,,,
,,,,,,,,,,,,,,,,,,,,,,,,,,,,,,,,,,,,,,,,,,,,,,,,,,,,,
,,,,,,,,,,,,,,,,,,,,,,,,,,,,,,,,,,,,,,,,,,,,,,,,,,,,,
,,,,,,,,,,,,,,,,,,,,,,,,,,,,,,,,,,,,,,,,,,,,,,,,,,,,,
,,,,,,,,,,,,,,,,,,,,,,,,,,,,,,,,,,,,,,,,,,,,,,,,,,,,,
,,,,,,,,,,,,,,,,,,,,,,,,,,,,,,,,,,,,,,,,,,,,,,,,,,,,,
,,,,,,,,,,,,,,,,,,,,,,,,,,,,,,,,,,,,,,,,,,,,,,,,,,,,,
,,,,,,,,,,,,,,,,,,,,,,,,,,,,,,,,,,,,,,,,,,,,,,,,,,,,,
,,,,,,,,,,,,,,,,,,,,,,,,,,,,,,,,,,,,,,,,,,,,,,,,,,,,,
,,,,,,,,,,,,,,,,,,,,,,,,,,,,,,,,,,,,,,,,,,,,,,,,,,,,,
,,,,,,,,,,,,,,,,,,,,,,,,,,,,,,,,,,,,,,,,,,,,,,,,,,,,,
,,,,,,,,,,,,,,,,,,,,,,,,,,,,,,,,,,,,,,,,,,,,,,,,,,,,,
,,,,,,,,,,,,,,,,,,,,,,,,,,,,,,,,,,,,,,,,,,,,,,,,,,,,,
,,,,,,,,,,,,,,,,,,,,,,,,,,,,,,,,,,,,,,,,,,,,,,,,,,,,,
,,,,,,,,,,,,,,,,,,,,,,,,,,,,,,,,,,,,,,,,,,,,,,,,,,,,,
,,,,,,,,,,,,,,,,,,,,,,,,,,,,,,,,,,,,,,,,,,,,,,,,,,,,,
,,,,,,,,,,,,,,,,,,,,,,,,,,,,,,,,,,,,,,,,,,,,,,,,,,,,,
,,,,,,,,,,,,,,,,,,,,,,,,,,,,,,,,,,,,,,,,,,,,,,,,,,,,,
,,,,,,,,,,,,,,,,,,,,,,,,,,,,,,,,,,,,,,,,,,,,,,,,,,,,,
,,,,,,,,,,,,,,,,,,,,,,,,,,,,,,,,,,,,,,,,,,,,,,,,,,,,,
,,,,,,,,,,,,,,,,,,,,,,,,,,,,,,,,,,,,,,,,,,,,,,,,,,,,,
,,,,,,,,,,,,,,,,,,,,,,,,,,,,,,,,,,,,,,,,,,,,,,,,,,,,,
,,,,,,,,,,,,,,,,,,,,,,,,,,,,,,,,,,,,,,,,,,,,,,,,,,,,,
,,,,,,,,,,,,,,,,,,,,,,,,,,,,,,,,,,,,,,,,,,,,,,,,,,,,,
,,,,,,,,,,,,,,,,,,,,,,,,,,,,,,,,,,,,,,,,,,,,,,,,,,,,,
,,,,,,,,,,,,,,,,,,,,,,,,,,,,,,,,,,,,,,,,,,,,,,,,,,,,,
,,,,,,,,,,,,,,,,,,,,,,,,,,,,,,,,,,,,,,,,,,,,,,,,,,,,,
,,,,,,,,,,,,,,,,,,,,,,,,,,,,,,,,,,,,,,,,,,,,,,,,,,,,,
,,,,,,,,,,,,,,,,,,,,,,,,,,,,,,,,,,,,,,,,,,,,,,,,,,,,,
,,,,,,,,,,,,,,,,,,,,,,,,,,,,,,,,,,,,,,,,,,,,,,,,,,,,,