{
	# Reserved engine style ids (can not be used):
	# "CUSTOM"
	
	"LONG_GLOW_BLUE":{		
		"engineColor":[100,165,255,255],
		"contrailParticleSizeMult":4,
		"contrailParticleDuration":1,
		"contrailParticleFinalSizeMult":2.5,
		"contrailMaxSpeedMult":0.5,
		"contrailAngularVelocityMult":0,
		"contrailColor":[100,165,255,25],
		"contrailCampaignColor":[100,165,255,75],
		"glowAlternateColor":[100,165,255,0],
		"type":"GLOW" # GLOW or SMOKE
	},
	"LONG_GLOW_ORANGE":{		
		"engineColor":[255,125,25,255],
		"contrailParticleSizeMult":4,
		"contrailParticleDuration":1,
		"contrailParticleFinalSizeMult":2.5,
		"contrailMaxSpeedMult":0.5,
		"contrailAngularVelocityMult":0,
		"contrailColor":[50,50,50,50],
		"contrailCampaignColor":[200,90,70,0],
		"glowAlternateColor":[200,90,70,0],
		"type":"SMOKE" # GLOW or SMOKE
	},
	"WIDE_GLOW_WHITE":{		
		"engineColor":[255,255,255,255],
		"contrailParticleSizeMult":2,
		"contrailParticleDuration":3,
		"contrailParticleFinalSizeMult":2.5,
		"contrailMaxSpeedMult":0.5,
		"contrailAngularVelocityMult":0.5,
		"contrailColor":[255,255,255,25],
		"contrailCampaignColor":[255,255,255,75],
		"glowAlternateColor":[255,255,255,0],
		"type":"GLOW" # GLOW or SMOKE
	},
	"WIDE_GLOW_RED":{		
		"engineColor":[255,100,100,255],
		"contrailParticleSizeMult":8,
		"contrailParticleDuration":2,
		"contrailParticleFinalSizeMult":1,
		"contrailMaxSpeedMult":0.5f,
		"contrailAngularVelocityMult":0f,
		"contrailColor":[255,100,100,25],
		"glowSizeMult":1,
		"contrailCampaignColor":[255,100,100,75],
		"glowAlternateColor":[255,0,0,255],
		"type":"GLOW" # GLOW or SMOKE
	},
	"WIDE_GLOW_PURPLE":{		
		"engineColor":[150,50,255,255],
		"contrailParticleSizeMult":2,
		"contrailParticleDuration":3,
		"contrailParticleFinalSizeMult":2.5,
		"contrailMaxSpeedMult":1,
		"contrailAngularVelocityMult":0.5,
		"contrailColor":[150,50,255,25],
		"contrailCampaignColor":[150,50,255,75],
		"glowAlternateColor":[150,50,255,0],
		"type":"GLOW" # GLOW or SMOKE
	},

}

