name,id,flux/second,f/s (base rate),f/s (base cap),flux/use,f/u (base rate),f/u (base cap),cr/u,max uses,regen,charge up,active,down,cooldown,toggle,noDissipation,noHardDissipation,hardFlux,noFiring,noTurning,noStrafing,noAccel,noShield,noVent,isPhaseCloak,tags,icon
Energy Feed,arul_energyfeed,1,,,,,,,2,0.08,0.25,4,0.5,5,,,,,,,,,,,,,graphics/icons/hullsys/high_energy_focus.png
Vestige Drone,arul_drone_vestige,,,,,,,,1,0.0333,0,,0,0,,,,,,,,,,,,,graphics/icons/hullsys/drone_pd_high.png
Termination Sequence,arul_drone_vestige_strike,,,,600,,,,,,0,0.05,0.2,0,,,,,,,,,,,,,graphics/icons/hullsys/drone_pd_high.png
,,,,,,,,,,,,,,,,,,,,,,,,,,,
,,,,,,,,,,,,,,,,,,,,,,,,,,,
,,,,,,,,,,,,,,,,,,,,,,,,,,,
,,,,,,,,,,,,,,,,,,,,,,,,,,,
,,,,,,,,,,,,,,,,,,,,,,,,,,,