id,variant,tags,tier,rarity,fleet pts,op cost,formation,range,attackRunRange,attackPositionOffset,num,role,role desc,refit,base value,,,,,,,,,,,,,number
arul_kitelette_wing,arul_kitelette_Fighter,"fighter2, interceptor, rare_bp, independent, merc",2,,6,10,V,6000,500,900,2,FIGHTER,Fighter,15,7200,,,,,,,,,,,,,33
,,,,,,,,,,,,,,,,,,,,,,,,,,,,
arul_asmbomber_wing,arul_asmbomber_Bomber,"bomber3, bomber, rare_bp, merc, hegemony",2,,5,14,V,4000,2000,300,3,BOMBER,Bomber,16,6000,,,,,,,,,,,,,34
arul_ionfighter_wing,arul_ionfighter_Fighter,"fighter2, fighter, rare_bp, merc, hegemony",2,,5,10,CLAW,4000,300,500,4,FIGHTER,Fighter,12,9000,,,,,,,,,,,,,35
arul_fighterceptor_wing,arul_fighterceptor_Fighter,"fighter2, fighter, rare_bp, merc, hegemony",2,,6,12,V,6000,500,900,4,FIGHTER,Fighter,14,7000,,,,,,,,,,,,,36
,,,,,,,,,,,,,,,,,,,,,,,,,,,,
arul_vestige_wing,arul_drone_vestige,"no_drop, no_sell, high",3,,6,0,BOX,0,200,,6,SUPPORT,Point Defense,10,6000,,,,,,,,,,,,,37
,,,,,,,,,,,,,,,,,,,,,,,,,,,,
arul_hedrone_wing,arul_drone_he,"no_sell, fighter, derelict, fighter4, auto_fighter, low",2,,7,10,BOX,4000,500,-400,4,FIGHTER,Heavy Drone,10,8000,,,,,,,,,,,,,38
arul_kedrone_wing,arul_drone_ke,"no_sell, fighter, derelict, fighter4, auto_fighter, low",2,,7,10,BOX,4000,500,-400,4,FIGHTER,Heavy Drone,10,8000,,,,,,,,,,,,,39
,,,,,,,,,,,,,,,,,,,,,,,,,,,,
,,,,,,,,,,,,,,,,,,,,,,,,,,,,
,,,,,,,,,,,,,,,,,,,,,,,,,,,,
,,,,,,,,,,,,,,,,,,,,,,,,,,,,
,,,,,,,,,,,,,,,,,,,,,,,,,,,,
,,,,,,,,,,,,,,,,,,,,,,,,,,,,
,,,,,,,,,,,,,,,,,,,,,,,,,,,,